student_id,age,gender,attendance_rate,gpa,family_income,study_hours_per_week,failed_courses,extracurricular_activities,parent_education,distance_from_home,dropped_out
1,22,F,0.5817619362925114,3.556055934170696,Low,27,3,4,Master,24.214891333206722,0
2,19,M,0.6955407683258803,3.6439058441532093,Low,31,4,2,Bachelor,22.891835783140735,0
3,23,M,0.9847061611676438,3.7915880896030183,Low,0,3,0,High School,1.3477300922494715,0
4,20,M,0.6290667163505638,2.5774630512832406,High,27,0,1,Bachelor,41.15051331735815,1
5,22,M,0.8283683322706461,2.297167045802847,Medium,6,0,1,Bachelor,18.631420131191756,0
6,18,F,0.6625950321123475,2.9554968664852845,Medium,1,1,3,Master,27.497515933726604,0
7,22,F,0.8867365628433004,2.427931058594069,Low,23,2,0,Bachelor,34.18773363044731,1
8,23,M,0.5654368303591749,3.002685417000582,Low,3,1,4,PhD,35.428849245457876,0
9,20,M,0.9849105225392724,3.2639646566095615,High,18,2,2,Master,47.84302288247754,0
10,19,M,0.7268947706918196,3.2210125462303423,High,25,3,4,Bachelor,27.035657708593845,1
11,23,M,0.618025231673232,2.436382217550303,Low,10,0,1,High School,20.58625799774695,0
12,23,M,0.5367483736650063,1.917150504246882,Medium,39,2,4,High School,47.73147769809369,0
13,18,M,0.5848789525437703,2.576323346155519,Medium,10,3,1,Master,32.463401516250535,0
14,21,F,0.7598869742780088,1.856485360204772,Medium,2,0,1,Master,15.609367457551226,0
15,20,M,0.6685015882156431,3.725242587959521,Low,11,2,1,Bachelor,7.196748024774987,0
16,17,F,0.9144416829413047,2.3646936518446435,Medium,2,1,1,PhD,42.285170571793884,0
17,23,F,0.715443761830903,1.8861493680583095,High,26,1,1,Bachelor,18.746898536913427,0
18,21,M,0.624357136293815,1.5636193997643772,High,1,1,3,High School,33.36301634685713,0
19,17,F,0.8085724933020151,3.1145559657162107,Low,15,3,4,PhD,24.07000454892901,1
20,20,F,0.8533886084427229,3.092255793636858,High,1,1,3,PhD,10.74755920995688,1
21,16,F,0.5835209539504749,2.3515104164532294,Low,29,4,3,PhD,30.48264382240279,0
22,21,F,0.5838096081441588,1.6792797221191276,Medium,19,0,0,Bachelor,3.9734703785834338,0
23,24,F,0.5183357134667714,2.52407223723808,Medium,37,3,0,High School,21.25378053368842,1
24,16,F,0.8682010075328203,2.278043737658484,Medium,27,1,0,Master,27.78413204351988,0
25,18,M,0.8319022638109026,3.1928015993375234,High,24,0,2,Bachelor,22.366301731810374,0
26,22,F,0.7373154378749069,3.014448123631726,Low,31,2,0,Master,37.68493658729855,1
27,19,F,0.9220852244845985,2.41148432049385,Medium,9,1,4,PhD,41.56832277272031,1
28,24,F,0.9028350764750266,2.0447313856374754,Low,39,0,3,PhD,38.79091062762573,0
29,18,M,0.792677182198376,3.9700899153889795,Medium,32,4,4,Bachelor,2.9018344427783034,0
30,20,F,0.9341356402566293,2.635004052990287,High,12,2,0,High School,10.512309751852639,0
31,18,M,0.6029206050183842,3.220685589450593,High,36,4,2,PhD,27.29376795392494,0
32,22,F,0.5559598096988639,1.851382418945902,Low,15,0,2,Master,46.80627998174626,0
33,20,M,0.6348748057584948,2.7139742491484946,High,21,4,3,Master,41.912881977553724,0
34,24,M,0.5285434280446575,1.5688417996736637,High,19,0,4,Bachelor,42.28419090923828,0
35,22,F,0.765584764000516,2.763637794776125,Low,26,0,1,Master,15.85720149422407,1
36,17,F,0.9683028461474807,3.910043517794256,Medium,15,4,4,High School,22.042946956856426,1
37,19,M,0.5196717703342548,2.4605167824645005,High,33,0,0,PhD,24.064591418480934,0
38,24,F,0.5610549570050134,1.597490031437279,Low,31,1,1,Master,8.71120758414561,1
39,17,M,0.7260995141417177,1.5773894772983588,High,25,0,2,Master,2.5223383819783596,1
40,24,M,0.9669375087639525,2.469966899867174,High,24,3,3,PhD,47.39824207356533,0
41,20,M,0.6580780524883753,1.9000623411579851,High,1,0,3,Bachelor,12.79491669751183,0
42,17,M,0.7536174043441962,1.5583802408204648,High,11,3,2,Master,12.757496282457934,0
43,19,M,0.520786429525196,3.390534034875442,Low,39,0,0,Bachelor,5.085573634669217,0
44,22,F,0.5741716004810444,2.6463075222047268,Low,8,0,2,Bachelor,46.49687984524515,0
45,23,M,0.9933150614794235,2.2231119299316364,Low,11,4,0,Master,29.407118632048828,0
46,18,M,0.9825593482180228,3.750207957541202,High,25,1,1,High School,33.68480599914234,0
47,16,F,0.5024699904672048,1.790347400501314,High,8,1,2,Bachelor,45.667267475889574,0
48,19,M,0.9759058927116195,3.889797072388298,High,9,2,0,Master,17.935388276138685,1
49,17,F,0.8195599689077502,2.284916793443382,Low,31,4,1,Bachelor,31.45385824576612,0
50,23,F,0.9339591472600111,3.721009180771703,High,33,4,2,PhD,2.9011732817154856,0
51,19,F,0.7273699278169296,3.007357191198654,Medium,19,1,3,High School,10.151853883325337,0
52,17,M,0.7577980142896251,3.5667683993537187,High,38,4,2,High School,41.731044449407186,0
53,21,M,0.7444232901284601,3.960032908026161,Medium,1,1,4,PhD,38.57164946057845,1
54,21,M,0.8334321287730522,2.2210135945468643,High,0,4,2,PhD,18.1814918814002,0
55,19,F,0.5698256273781565,3.9028387135189826,Low,35,0,4,Bachelor,19.46372076093641,0
56,21,M,0.5149867949363389,2.473704737256051,High,23,1,1,PhD,27.144167244125395,1
57,17,F,0.6539649707955955,2.463779761842306,Medium,26,1,2,High School,1.0118092295715928,0
58,17,M,0.8523403813683234,2.350967760636264,Medium,1,3,1,PhD,12.820972465863365,0
59,19,F,0.6009267260614741,2.8535190183689627,High,30,4,1,Master,11.203358621802508,0
60,23,M,0.8367162166624587,1.8853626079462178,Medium,13,4,0,Master,13.273664390738409,1
61,22,M,0.9849560230536352,2.884278713395028,Medium,1,1,1,Bachelor,40.489386284138625,0
62,24,M,0.5469503578947092,2.85426203102501,Low,28,0,1,High School,14.704018970775715,0
63,23,F,0.8363010591125631,3.404754531512175,High,14,0,2,Master,10.38454478045726,0
64,20,F,0.7218751096522855,3.584124904843964,High,11,0,2,PhD,25.708909578858545,0
65,17,M,0.9340711271887527,2.60110337578106,High,36,4,3,Master,43.41660678226386,1
66,20,M,0.588574894723693,2.2558331233787343,Medium,27,3,0,Master,12.826135488037494,0
67,23,F,0.8463129761130823,2.148337243292736,High,19,1,1,Bachelor,4.848275896847136,0
68,24,F,0.919057644824055,1.9865595917621799,High,38,2,0,PhD,18.46383205663357,0
69,24,F,0.9723071097370116,1.6441189554975622,Low,23,3,4,PhD,37.634939403683916,1
70,16,M,0.8416240141448229,2.3561199470867833,Low,20,2,1,PhD,27.983836690044935,0
71,24,F,0.7485873820042137,2.175619230326958,Low,9,3,0,Bachelor,41.02287510914302,1
72,22,M,0.8089236201006069,3.9160434646660183,Medium,13,0,3,PhD,48.020015232852465,1
73,24,F,0.9344524922393591,2.8942720656251097,High,36,4,3,PhD,39.84046136082924,0
74,23,M,0.7853048733194148,2.368192597576269,Low,17,2,1,Master,30.586350863343917,0
75,16,F,0.5151935298484185,2.95116900248424,Low,23,3,4,Master,25.173737814566643,0
76,23,F,0.9654743477534888,1.8479917533642387,Low,13,4,3,PhD,2.963385231065067,1
77,23,F,0.8447633755157806,2.6101093730055074,High,33,2,3,High School,49.23177696188802,0
78,18,F,0.8382566928886233,3.0655858035526595,High,11,1,4,High School,19.790575006177082,0
79,16,F,0.6078375761988586,2.7222445794811287,High,21,3,0,PhD,8.459182481926472,1
80,23,M,0.8294427351163286,2.5044470016358105,Medium,5,1,3,High School,33.66873391442638,0
81,18,F,0.6969322028270792,3.9846209722492456,Medium,35,0,2,Bachelor,14.930126165677507,0
82,18,F,0.825616488520746,3.7007869053723175,Low,35,1,3,Master,29.70313527562133,0
83,16,F,0.5532965151539954,3.0585148953986003,High,21,1,0,Bachelor,29.75162748438497,0
84,20,M,0.8289226523015181,2.923443402955707,Low,13,3,0,Master,22.840761224240588,1
85,22,F,0.9997068628853333,3.0516511995614604,High,15,0,1,High School,41.96981216170709,0
86,24,M,0.524106019430278,2.0032802695560834,High,35,1,2,High School,13.98338601621671,0
87,22,F,0.9885870921106586,2.4878443581607965,High,24,4,0,PhD,22.982996989268972,1
88,24,F,0.7034539803614352,1.5986488322272483,Medium,31,2,4,High School,27.346914300957604,0
89,23,M,0.9353767251686296,2.688865093717067,Medium,32,1,2,High School,33.517611317597684,1
90,17,F,0.8911927420291368,2.857561459894158,High,35,0,2,PhD,39.414620674773886,1
91,16,M,0.7835081304933339,2.0693743402580242,Low,19,1,4,PhD,20.345556861034545,0
92,22,M,0.8692246046256633,3.9100721179137845,High,17,2,3,Master,32.656300260733204,0
93,22,F,0.9392577806506739,3.773636527343105,High,37,0,4,High School,8.379936700357437,0
94,23,M,0.7020701608255164,3.305358088639765,Low,2,3,4,Master,46.69975692658145,0
95,20,F,0.6635165807816193,2.8334665719134065,High,22,0,3,Master,19.769881514629173,0
96,18,F,0.8337966927817924,3.6749228991192124,Low,31,3,3,Bachelor,36.74654967684548,0
97,23,M,0.9039229709706293,1.8266308595586573,Medium,15,0,3,High School,1.9967130122267047,0
98,21,M,0.8811425673883079,3.4762744856872123,Medium,4,2,3,High School,11.054170002335542,1
99,18,M,0.8989068244293172,1.8120520349171207,Low,3,2,3,Bachelor,24.86704467185532,0
100,16,M,0.7177916574064664,3.4855266563735134,Medium,20,0,4,Master,44.03437091888498,0
101,18,F,0.9089171080875108,2.1894189206283925,Medium,39,1,1,High School,26.83550234758318,0
102,20,F,0.5601045276853043,3.692726452545472,Low,13,2,1,Master,46.563653632400076,1
103,18,M,0.7722445489804248,3.8601052345634947,Medium,38,3,0,Bachelor,24.70604793255702,0
104,16,F,0.5028793302490608,1.871989923512789,High,30,3,1,PhD,25.032005740061546,1
105,20,F,0.6622929149501351,2.6566890126634837,High,13,4,1,Master,6.867592636526062,0
106,22,F,0.683230767435699,3.952468445406713,Low,5,3,4,High School,40.33015596345877,0
107,22,F,0.6980863458046277,2.7085185899328668,Medium,11,4,3,PhD,13.101305210886062,0
108,24,M,0.8477336033449311,3.658868806286363,High,15,0,3,Master,45.08101197924344,0
109,18,M,0.6942790506351728,2.9718288053282995,High,16,0,4,Master,45.63038679618941,0
110,22,F,0.7243468113112653,2.4383247697990047,Medium,22,0,1,PhD,47.22219548183334,0
111,16,M,0.6187720654371638,2.2144588888146757,Medium,13,1,4,PhD,26.49129396605141,0
112,19,M,0.68662589581467,2.0080577277152183,High,6,1,0,PhD,34.17759545439857,1
113,19,M,0.6136348136315757,3.404495478444243,High,31,4,3,High School,39.147278123021515,0
114,20,F,0.5365979618842218,2.46635126705757,Low,14,3,2,High School,7.419716313872814,1
115,22,F,0.801724296690689,2.7781886555018778,Low,16,3,0,Master,30.446902554877365,0
116,22,F,0.8341063992775082,2.7308137000029546,High,33,0,0,Master,2.680597163862272,0
117,19,M,0.8097451730048073,2.943197573082828,Low,4,2,4,Bachelor,25.380738086047568,0
118,22,F,0.7317470219002862,3.6639428640613807,High,26,1,1,High School,8.587291399391143,0
119,18,F,0.6898928900896149,3.9518483589585736,High,22,1,3,Master,9.963223372142151,0
120,21,M,0.9316668247859126,2.5189605214345425,Low,39,0,2,PhD,18.887330767937474,0
121,17,F,0.7595408925681091,3.5687973052657576,Low,13,1,0,PhD,22.18942116910865,0
122,24,F,0.7395909388148655,3.411319486636794,Medium,14,0,2,High School,31.535448802077173,0
123,20,M,0.5128210329032179,2.9338223786389332,Medium,32,4,1,PhD,4.646992503487267,0
124,21,M,0.6706239138130782,3.8901178590298326,Medium,30,3,1,Bachelor,25.68089630063479,1
125,19,M,0.6900978093929285,2.001186288821007,High,34,2,2,Master,9.948631382401954,0
126,22,F,0.6994113904484502,1.7731605257740535,Low,16,3,3,Master,29.12478357655535,0
127,24,F,0.7900861846136662,3.6349049173885555,High,27,3,1,Master,32.23282600079799,0
128,22,F,0.7668012733634393,2.5978745415843707,Low,18,4,2,High School,28.27875357108984,0
129,16,M,0.8039525463967223,3.6174221355176512,High,22,1,0,PhD,37.17648001343708,0
130,16,M,0.8824416307710641,3.7327255129885373,Medium,31,2,2,Bachelor,17.444852967804167,0
131,24,F,0.9064928693580467,1.6561439840476786,Medium,39,1,2,High School,38.49022299002341,0
132,24,F,0.8590615381132471,3.7086619074651517,Medium,12,3,4,Master,22.20558700370149,0
133,19,M,0.9777618479774673,2.6207976384235554,High,19,0,1,Bachelor,24.725040417807243,0
134,24,M,0.5091162913381808,2.7760812225105806,Low,34,3,3,Master,32.7570042357925,0
135,18,M,0.597888992841773,3.0664812777330255,Low,4,1,3,Master,1.8995608159619741,0
136,22,M,0.503781437489071,3.8159565168252167,Medium,8,3,4,High School,33.04571684959217,1
137,21,F,0.8237373570773014,1.54779023607441,Medium,28,0,3,Master,31.310672304533654,0
138,23,M,0.9490152744749935,2.6921086707945427,Medium,5,4,2,Bachelor,16.182508720910718,0
139,24,F,0.6217411482881496,3.2193051060764017,Medium,24,1,4,Master,5.203919960074985,1
140,20,F,0.9635172723981533,3.306767394245571,Low,30,3,0,PhD,5.455837045739016,1
141,16,F,0.5301336951447804,3.23133107884277,High,21,1,1,Master,46.2379636022762,0
142,18,M,0.9672180134027571,1.8360878235203046,High,1,4,1,High School,34.77468674006602,0
143,23,M,0.6758113436198172,2.248488970929203,High,4,3,1,Bachelor,7.2280280747662795,1
144,21,M,0.5507104142246082,2.3967888135425337,High,26,3,2,High School,18.479435296136412,0
145,23,M,0.7429358795931629,3.5110930191987624,Medium,24,1,0,PhD,30.031666701178224,1
146,24,F,0.6283882838602539,2.1968996810363826,Medium,7,1,4,Master,41.94301354944179,0
147,19,M,0.6424364509809615,2.0267624096680077,Medium,0,0,4,High School,3.139385506937418,0
148,16,M,0.6536449824631433,3.8936200475952405,High,19,4,1,High School,12.595023442030435,0
149,16,F,0.9015129489163317,1.5221582127836721,Medium,22,0,0,High School,44.59770052447362,0
150,19,M,0.7695806383376272,3.9945521392049455,Medium,31,3,0,High School,1.4491119590070078,1
151,22,F,0.6556538495780018,3.1920532471434893,Low,10,1,0,PhD,10.868556036900483,1
152,17,F,0.8051668916554592,3.5711732486227925,Low,38,3,3,PhD,47.99218462267533,0
153,18,F,0.8580753371115968,2.236548490865483,Medium,23,3,3,Master,31.056690479586386,0
154,16,F,0.6363120003667668,1.53578819416765,Low,10,2,1,Master,13.821896965237816,1
155,20,F,0.7067745507626757,3.344673796403825,Low,28,2,0,Bachelor,4.2825636253965325,0
156,16,F,0.5609430466684737,3.5853614925016895,Medium,25,3,0,PhD,2.3813756819138856,0
157,23,F,0.5905746747673402,3.351190329883798,Medium,15,1,4,High School,12.992508902209437,0
158,16,F,0.8405589269824914,1.8571257182520964,Medium,34,3,4,High School,44.19280515985661,0
159,16,M,0.5907191738478135,3.3835698056424226,Medium,19,2,1,Bachelor,21.379769060577964,1
160,17,M,0.7625816918335301,3.4223069552691023,High,2,1,0,High School,36.296335089133656,0
161,17,M,0.8545231308612163,3.1463512891751373,High,0,3,1,Bachelor,45.995966733617934,0
162,21,M,0.553438461547372,3.4152898319889653,Medium,0,4,4,Master,20.993982618538013,1
163,22,F,0.7836561098144518,3.6148035991943304,Low,16,4,4,PhD,10.372591180832456,0
164,20,M,0.6282813918506819,3.034010285593646,Medium,1,3,3,Bachelor,26.338778611989056,0
165,16,F,0.9814634376187898,1.7215117849241977,Medium,28,1,1,High School,45.496100665932865,0
166,16,M,0.7417728233599623,2.7190695241680274,Low,19,3,1,Bachelor,40.41434629274733,0
167,18,M,0.902996274887579,1.6941233366790127,High,5,3,0,Master,4.225662324794536,0
168,17,M,0.7751132710781309,2.518857577581077,Medium,7,2,0,High School,34.93606720380151,0
169,20,F,0.5217062664274096,2.5177662228140694,Medium,28,4,3,Master,29.022978600488734,0
170,21,M,0.8165756877970112,1.665024610350604,High,32,2,2,Master,45.46569564097485,0
171,22,F,0.9757016711033285,2.3720513349236985,High,2,2,2,Bachelor,7.001589425664564,0
172,19,F,0.8008059100731656,1.7774952469782872,Low,34,3,2,Master,27.167769547028172,0
173,22,M,0.9095944297133951,3.5205880250230552,High,4,2,1,High School,44.093671982082725,0
174,23,M,0.942103231674204,3.8692200649111768,High,26,4,1,Master,21.09116555034541,0
175,16,M,0.6140398859744662,1.6807911881448465,High,11,2,4,Master,24.617750968910485,0
176,21,F,0.6060224199541133,3.8877880182292537,Low,19,4,1,Bachelor,4.452573205680956,0
177,23,M,0.8054904944254959,2.806441498341863,High,19,2,1,Master,14.62903838199663,1
178,20,F,0.7055142349033523,2.2489141948846845,High,8,4,1,PhD,16.90082580927842,1
179,19,F,0.9199306514333602,1.6921551881904087,Low,38,2,3,Bachelor,47.31099998849946,0
180,17,M,0.9500115616990056,2.7515606701760444,High,3,2,1,Bachelor,14.850700666516794,1
181,21,M,0.676710689651359,3.4862888612268716,High,18,1,0,High School,23.582568028212947,0
182,21,F,0.618435279487241,3.2677161931667453,Low,37,4,0,High School,33.89391675464971,1
183,16,F,0.8902627576219309,1.6255650286599344,Medium,26,4,4,High School,8.946985247985992,0
184,24,F,0.637403017774068,1.6822545884197588,Low,12,4,3,High School,24.83567696995185,0
185,21,M,0.9113071592568391,2.5071832065815927,High,12,0,0,PhD,37.18841293431947,0
186,18,F,0.7118691268243814,2.2382262351198583,High,21,2,3,Bachelor,43.47590543832624,0
187,19,M,0.8337749496457352,2.0809608076401194,High,27,4,3,Master,31.68670445845891,1
188,19,F,0.5477676569173341,2.202511247271784,Low,21,0,4,High School,33.78362225053045,0
189,18,F,0.8119296623382866,3.5087068582422116,High,18,1,3,High School,7.187890156643879,0
190,18,M,0.7258838393686146,3.823070134079635,High,7,4,1,High School,47.34304836507101,0
191,18,F,0.793304231587737,2.512756736318916,Low,7,4,3,Master,7.496129796739636,0
192,19,M,0.5840071038724317,3.765277505331243,Medium,25,0,4,High School,38.95897392190812,0
193,22,M,0.868436872472091,2.303739253119705,Medium,25,2,4,Master,13.975999767137623,0
194,19,F,0.9313985387716143,2.6910924658594793,High,22,1,4,Bachelor,46.74606404136133,1
195,24,M,0.6083699000453878,2.0650724945399994,Low,12,4,0,Bachelor,36.278017429104494,0
196,16,M,0.5478572777600809,3.10119010543961,High,27,2,1,Bachelor,37.93687193594008,0
197,23,F,0.5118192930231682,3.9474527879370225,Low,8,1,0,PhD,11.733899479934282,1
198,22,M,0.820985750221633,3.0087327401084467,Low,19,3,2,Master,22.70895885512288,0
199,17,M,0.8035470180443904,2.3945352102838724,Medium,18,3,1,High School,31.272846534875033,0
200,23,M,0.773348706357035,3.1195436149763207,Medium,38,1,3,High School,38.728707292123445,0
201,16,F,0.6159735480579878,1.807301696163469,Low,11,0,4,High School,6.094009419707089,1
202,24,M,0.6954529979527573,3.7216477006634965,High,14,1,2,High School,48.15590050627189,0
203,24,F,0.7972381675930865,2.757709876949591,Medium,30,1,1,PhD,44.62081285717324,1
204,17,F,0.7483834294295847,2.623374355099105,High,13,0,0,High School,14.247080934283634,1
205,22,M,0.9938927601074437,2.964661971133798,Medium,10,0,4,PhD,41.315251908584266,0
206,18,M,0.5682198762783666,3.061959656973506,Medium,25,2,0,Master,26.39787222895135,0
207,22,M,0.8475722770237969,1.6794395155662825,High,26,2,1,Bachelor,23.628517596538913,0
208,24,F,0.7021593840521461,3.206543053058506,Medium,10,0,1,High School,16.407271184758866,0
209,19,M,0.7140998074628073,2.104829200788824,Medium,37,3,2,Bachelor,29.46746074494803,1
210,16,M,0.8587988828290881,3.2848815812664744,High,33,3,3,Master,36.76456676747629,1
211,17,M,0.8462180756621849,3.556336985960492,Medium,18,1,0,Master,21.135712343175154,0
212,16,M,0.9956279968510942,3.5098962688813007,Medium,5,4,2,High School,31.831740457406312,0
213,20,M,0.5641971447270626,2.881252418519723,Medium,37,1,4,Master,35.26633313660988,0
214,20,F,0.5520548246920831,2.8004247307768777,High,27,1,3,Bachelor,35.84496903374901,0
215,22,F,0.8621694085643705,1.8571899033485293,Low,0,4,2,High School,3.5463388084278322,0
216,24,M,0.7891934585032045,3.438365376007839,High,34,0,0,PhD,43.127642478568276,0
217,24,M,0.6370803332799029,2.178523451116786,Low,39,3,1,High School,23.454412423487348,0
218,18,M,0.5397096844944933,2.7417385570448665,Medium,7,1,4,Bachelor,13.858388003114507,0
219,18,M,0.5428291247982153,2.2106852323187915,Low,6,4,0,High School,12.846460866504398,0
220,18,F,0.9470954373320591,1.834570907499233,High,10,2,3,High School,24.667691529353572,1
221,19,M,0.5959336623593714,3.0738942422293416,High,38,1,3,Bachelor,44.454745433979,1
222,23,F,0.6616857810577603,1.6358300870572595,Medium,3,3,1,High School,19.5390315024497,0
223,21,F,0.613328201113494,3.3716130853155,Low,24,0,1,High School,37.73656159239362,0
224,23,M,0.6774981529159687,2.2939669881527918,Medium,11,1,4,Bachelor,5.744117818373711,0
225,16,F,0.5347119213730467,1.5003367325112134,Medium,25,1,4,Master,24.326778405402028,0
226,23,F,0.7595298954541352,2.7778228480930744,High,37,4,1,Bachelor,49.592620879244045,0
227,19,F,0.5338062817961075,1.6171297713190078,Low,11,2,1,High School,38.751452336824514,0
228,16,F,0.9001782539111808,2.1904238945522487,Low,36,2,3,PhD,11.315895933590037,0
229,23,M,0.6168560409552165,3.2674412186392905,Low,23,0,1,PhD,25.570632211197623,0
230,19,M,0.7700059573022553,1.6567240540546646,Low,15,3,2,Bachelor,12.447613418779762,0
231,21,F,0.9400395437807292,3.598346230890006,Medium,12,0,0,PhD,21.068485435862954,0
232,23,M,0.825438684523597,1.5095498066464579,Medium,24,1,1,High School,39.224117163013275,0
233,19,M,0.7664788932756676,2.1170596730047557,High,3,1,4,High School,38.790015949229776,1
234,18,M,0.6621668765576878,3.352260140380179,Medium,10,2,2,Bachelor,12.17691851721687,0
235,24,M,0.6665009565290989,2.290675374323267,Medium,31,3,4,High School,46.188942589588144,0
236,18,M,0.8347434775990951,1.7547309701650338,High,6,4,2,Master,30.035840955476512,0
237,24,F,0.9970696806105838,2.40058479700107,High,10,3,1,High School,19.61629025713871,1
238,17,M,0.8309195949246893,2.1759832159613137,High,27,1,0,Bachelor,25.594843458262172,0
239,17,M,0.7788917086850125,3.606779755401387,Medium,22,4,4,Master,30.648491418449442,0
240,17,M,0.8653252551196231,2.2833697939628577,Medium,22,3,2,Master,28.434636060443484,1
241,21,M,0.732602806141859,3.472331179440018,High,27,3,3,PhD,24.833846741272733,0
242,18,F,0.5300711713003926,3.729680362026837,High,25,4,1,High School,25.741707400380605,0
243,24,F,0.7811484079389549,2.5845435489413235,High,24,1,0,Bachelor,9.644183610966422,0
244,19,F,0.9788126422526902,3.77485785963598,Medium,28,3,1,PhD,40.82391231092929,0
245,16,F,0.5876514711788299,2.443295134907982,Medium,18,4,3,PhD,27.54625567710975,0
246,19,M,0.8450024454103329,3.9101960412252703,Low,32,1,0,High School,7.422913223530451,0
247,16,F,0.6004668443295282,1.7232238113139324,Medium,35,4,3,High School,38.54169797755612,0
248,20,M,0.7679138422365406,3.2175481662581067,Medium,13,4,1,Bachelor,46.68975494049019,0
249,19,M,0.5483382248233598,2.734535101142322,Medium,13,3,2,PhD,47.418038062611146,0
250,23,M,0.7251854681290926,2.469122013639118,High,34,1,1,Bachelor,19.081868888147465,0
251,23,M,0.878081664447623,3.0817796968715023,Medium,29,3,1,PhD,7.640326804476948,0
252,22,M,0.673785762119491,3.259642729085828,High,27,0,1,PhD,26.40158170502019,1
253,18,F,0.832455862243609,1.5109081741257726,Low,16,0,4,PhD,6.517852238111813,0
254,16,F,0.8977249803948646,1.9173827218679969,Low,2,1,3,High School,46.765383507118244,0
255,16,F,0.9635889097397263,3.282615126585797,High,15,4,3,PhD,9.995401740402153,0
256,18,F,0.6173210409277268,3.165963533945516,High,29,3,3,PhD,13.38552713760704,0
257,21,M,0.699657957904654,3.915118762821693,High,28,3,4,PhD,20.925189817363552,0
258,22,F,0.5762080066652087,3.4025944756269575,Medium,14,1,2,Master,19.775058959397164,0
259,21,M,0.9962417510791877,3.876931769328345,Low,24,1,1,High School,39.93848172749656,0
260,21,F,0.9635004839621477,3.2563512538370176,High,37,0,2,Master,23.359524206997154,0
261,21,M,0.7699785651402797,2.245130521598608,Medium,37,2,4,High School,9.367644740163508,1
262,18,M,0.9210166471882106,1.7634123056271411,Low,22,1,3,Bachelor,14.09328487881763,0
263,21,F,0.760478988636021,3.454559658362339,Medium,24,2,1,Master,25.94655587418858,0
264,23,M,0.8117928440013799,3.1103730536897896,Low,6,1,0,Bachelor,8.225241953880609,0
265,17,M,0.5445622160580084,1.6204650309832407,Medium,21,4,0,PhD,30.97112810665469,0
266,20,F,0.877635210248404,2.4001261647524457,Low,16,4,2,Bachelor,28.72161802100615,0
267,16,M,0.5638567418176175,3.8919995387107154,Low,17,0,3,Bachelor,36.02041350273063,0
268,16,F,0.9130338151262642,2.7510028642755033,Medium,9,0,0,Bachelor,46.94752615358902,0
269,20,F,0.891014043835193,2.5818228400492615,High,9,2,2,Bachelor,45.70047349395663,0
270,18,F,0.8543723488714883,2.6442490128982348,Low,6,1,4,High School,47.35770528537274,1
271,19,M,0.5180801902623811,2.0222068100129094,High,37,3,2,Master,12.991064254161346,0
272,18,M,0.6515641779726643,2.421767927161988,Medium,26,0,2,High School,7.446700025328377,0
273,16,M,0.6315562849554215,2.4245331399679415,High,32,3,2,High School,15.811558324325977,1
274,16,F,0.6800682037357595,1.630887550468681,High,0,3,1,High School,44.85917346554942,0
275,20,M,0.5438213733819193,3.4189190712947957,High,33,1,2,Bachelor,48.63062025655093,0
276,21,F,0.9684789115155314,2.5412610797596975,High,3,2,2,High School,43.106922602453324,0
277,18,F,0.7769011203561882,3.5554497170410584,High,16,1,1,Master,6.390868335249636,0
278,24,M,0.6527621553290117,3.6258700027997386,Low,3,0,1,High School,47.423971904929864,0
279,20,F,0.6984907585371417,2.029985136746645,Low,25,3,4,PhD,21.744543340188514,0
280,23,M,0.7236012702524178,3.1433837054253213,Low,3,1,3,Bachelor,1.4562042473553303,0
281,16,M,0.8002971666803087,2.6807045104074545,Medium,0,1,0,PhD,22.677293296661485,0
282,20,M,0.7578397138482489,3.7003918448037125,High,6,1,0,Master,3.257389314097912,1
283,18,M,0.9596959866072087,2.039351697941135,Low,29,0,2,Master,27.65001813689476,0
284,16,M,0.7484817414529151,3.1945330007751105,Medium,8,2,4,Master,17.589147344415515,0
285,19,F,0.9960790074116563,3.0193803056318065,Low,34,1,2,Master,24.198311746108388,0
286,20,F,0.9257124788725479,2.238253693929582,Low,7,0,0,High School,31.045347676412735,0
287,22,F,0.6042552571786679,1.8415022591279315,High,23,3,1,Bachelor,43.571253695073196,1
288,16,M,0.9652976073219581,3.1290994011931916,Medium,18,4,3,Master,33.433177247124505,0
289,18,M,0.558183198942738,3.3464936453308267,High,35,0,4,PhD,22.268394555430852,0
290,17,M,0.9087248542455958,2.289068359408375,High,26,4,1,Master,41.15196482984789,0
291,24,F,0.69031164673829,3.1120815100557846,Low,31,1,3,Bachelor,45.37352474108348,0
292,21,M,0.9389871602225348,2.487827269028758,High,13,1,4,PhD,6.868238355177664,0
293,18,F,0.9340283450537252,3.2830172082065445,Medium,17,0,4,PhD,27.06471590008678,0
294,23,F,0.9029627000588105,1.9980381872351327,High,27,4,0,PhD,14.941086027379763,0
295,23,M,0.8950152181535307,3.725537506590436,High,28,1,1,High School,3.305998695970423,0
296,17,M,0.6523395695490204,2.2185239911639494,High,15,3,4,Master,33.75878806058528,0
297,21,F,0.5404596415256261,2.4194649693903822,Low,34,2,4,High School,43.27576809550205,0
298,22,M,0.7014900893825807,1.6452298802008745,Medium,30,2,3,PhD,8.982230069392308,1
299,17,F,0.5867622574932543,1.778780530803191,Low,3,1,0,High School,40.80826922357112,1
300,17,M,0.8474755444512309,2.7896547567808203,Low,36,4,2,High School,42.81639094331014,1
301,16,M,0.6730498632688928,2.168981691819929,Low,16,1,0,High School,45.80268169065769,1
302,23,F,0.9878051004299575,3.588700564355486,Low,38,4,2,Master,13.998969365216569,0
303,16,M,0.820486038672666,1.5367334716373846,Low,25,3,1,PhD,45.29370019430458,0
304,24,F,0.9112402818171805,2.44773512167984,Medium,38,4,1,PhD,16.71247498208518,0
305,21,M,0.5662623363709243,2.343363866922732,High,3,1,4,Master,28.064562659319638,1
306,22,F,0.9310072411363113,1.5483190772940025,Low,29,3,1,High School,3.4748660707818244,0
307,22,F,0.9613785952566971,1.8109209975012757,Low,29,0,4,High School,3.1501733300684367,1
308,18,M,0.7435309594094679,2.534106687296588,Medium,21,2,0,Bachelor,36.298287423877944,0
309,17,F,0.8031264688754887,2.7321614611186167,Medium,10,1,1,Bachelor,22.779518920911762,1
310,24,M,0.8824049004514978,2.510724368137173,High,1,1,0,Bachelor,13.55832639309166,0
311,23,M,0.5874193136302063,2.827344196030235,Medium,11,1,0,Master,10.3302613052206,0
312,22,M,0.7512830382317213,2.9878291872642038,High,29,3,1,PhD,33.82772105210169,1
313,24,F,0.6993315138861566,1.524809552819589,Low,35,0,0,Bachelor,1.0196756572416539,0
314,19,F,0.5731869960811246,2.66023789863376,Low,17,4,1,PhD,40.48866729064586,1
315,19,M,0.6837672111457658,3.9087481022189707,High,25,0,1,PhD,4.8832307003665125,0
316,16,M,0.5340861546927468,2.7975807003238717,Medium,6,3,1,PhD,10.382991130497853,0
317,23,F,0.5129059534747435,3.193855668647383,High,0,1,2,Master,19.92558336965539,0
318,18,M,0.5675831445774113,2.2796596447922077,Medium,25,2,0,Master,24.758078246089077,0
319,22,M,0.9815575557945869,3.4349784453819066,Low,22,1,3,Master,18.39476067488315,0
320,17,F,0.7747647679475085,3.4323037046902876,Medium,25,4,1,Master,16.7148960842304,0
321,17,M,0.9829110805766099,2.8032401191353475,High,5,2,0,Bachelor,48.23188459158624,0
322,22,F,0.7162489391650659,3.940034558198034,High,5,1,4,High School,32.43740438092632,0
323,21,M,0.6559080665426298,1.8138755369066335,Low,7,2,1,High School,2.1482148130020224,0
324,18,F,0.753070931420122,1.5423691622239524,Medium,23,0,1,High School,22.078619513771347,0
325,24,M,0.7197558443164551,3.42539552939274,Medium,21,3,3,Bachelor,43.87542628745454,0
326,21,M,0.552832342130872,3.5178888434122064,Medium,18,1,2,High School,15.77135313412273,0
327,21,F,0.8204131573451031,1.8005180728014407,Low,36,4,2,Bachelor,5.633260893945024,0
328,16,M,0.6080190912547998,2.1639570823965153,Medium,17,0,1,Bachelor,38.16085380790597,0
329,19,F,0.8097939774489148,1.5438809084165723,High,30,1,0,Bachelor,30.694677764867983,0
330,21,M,0.8251005461990767,2.2332715269514116,Medium,36,0,4,High School,28.94531288349869,0
331,21,F,0.576012426564324,3.4328546847966788,Low,29,4,4,PhD,3.6252514207629885,1
332,20,F,0.5306748135553341,2.7949013192814474,Medium,32,1,0,High School,7.884451479980349,1
333,16,F,0.8903807930342199,2.3702389829207204,Medium,9,4,1,High School,31.504920414442577,0
334,23,F,0.72990021188466,2.4293482372658257,High,36,2,4,Master,11.183368231482955,0
335,20,M,0.5290818977527378,1.5033840642886704,Medium,11,4,2,Bachelor,25.69943390767279,1
336,20,M,0.9974331585848836,2.2495013189130897,High,29,2,0,PhD,27.699202615440278,0
337,22,F,0.5288902804981833,3.1161468540948265,High,26,1,3,Master,14.89185232327603,0
338,19,F,0.8475176144292766,3.935486109540893,Low,38,2,1,PhD,47.47283262153315,0
339,21,F,0.9918394626317069,3.6176520674597485,High,8,1,0,PhD,42.280741234943186,0
340,19,M,0.6195900521079628,1.5589874116138227,High,20,1,4,Bachelor,36.39630187400713,1
341,18,M,0.5711246843435981,3.7464015116870986,Low,11,3,1,High School,4.821699454061045,0
342,22,M,0.5606924697112144,3.457996033246565,High,28,1,2,Bachelor,6.200370946141953,0
343,23,M,0.6516375737837978,3.450940308927451,Low,32,2,1,Bachelor,25.14628594738283,0
344,19,F,0.5505229055053233,2.6449893975089287,Medium,14,3,1,Master,8.8749541103583,1
345,17,F,0.846080670847066,2.495013232386257,Low,1,3,2,Bachelor,48.93500771294423,1
346,18,F,0.5311458990650313,2.2572893220829817,High,38,1,2,High School,8.767491467343064,0
347,16,M,0.7547110640748949,1.6642371473859146,Low,17,4,1,PhD,24.885923937734724,0
348,23,M,0.9983484269264884,2.0705884087342477,High,2,4,2,Bachelor,18.841931785233765,0
349,18,M,0.9069851347530093,2.1165090874450616,Medium,6,3,0,PhD,32.329934651250795,1
350,22,F,0.8076097191155054,2.710192674275504,Low,17,1,2,Bachelor,7.322784035581821,1
351,20,F,0.6531268103933059,3.3686110164917347,Medium,37,4,2,PhD,22.085504974077153,0
352,20,M,0.8119479181458192,2.6845245709948666,High,36,1,1,Bachelor,14.46054660755004,0
353,22,F,0.7635207319558258,1.6446111236179015,High,32,1,0,Master,44.49982470891271,0
354,24,M,0.7130416919451857,3.89447450247051,Medium,30,3,3,PhD,2.9886998946000594,0
355,20,M,0.5653551883700998,3.856810797735281,Low,10,3,3,Bachelor,45.772647206316506,0
356,16,F,0.9433021076202334,3.462973857871021,Low,3,0,4,Bachelor,41.81671278909702,0
357,16,M,0.7248923244106613,3.9783197539105513,High,17,4,2,Master,15.580965105599958,0
358,17,F,0.5973112559103826,2.8612058320006573,Medium,3,4,2,Master,39.675242079178126,0
359,21,M,0.6838796754386448,3.9069208756330154,Medium,33,4,0,Master,2.5294644565986304,0
360,24,F,0.7070648762644636,1.689012601541877,Low,28,2,3,PhD,48.37641196437629,0
361,23,F,0.9137689477834372,2.4142018706534283,Low,23,1,4,PhD,26.803152186899677,0
362,20,F,0.8668071902807011,2.0634531700169143,Low,21,3,0,Master,15.860770277206818,0
363,16,M,0.8846524468206699,1.9895827103356751,Medium,1,4,2,High School,18.766577417139178,0
364,22,M,0.5055156322143236,1.8520073722316903,Low,5,0,3,High School,4.253862319564371,0
365,20,F,0.7080769990898808,3.0560341039149916,Low,24,4,4,Bachelor,49.47812618805992,0
366,21,F,0.7406720758176618,3.4533046393682625,High,20,1,1,High School,2.92530531238393,1
367,22,M,0.5095961384115284,2.9457459985509016,Low,15,1,3,Bachelor,33.09044903424509,0
368,18,M,0.6299066043725171,1.8674067739705242,Low,30,3,4,PhD,22.69406045761646,1
369,18,M,0.8801449115610676,3.527809424833677,Medium,13,2,0,PhD,47.496894691247036,0
370,20,F,0.5685548528644995,3.089886767909321,Medium,38,3,1,High School,13.053987275032963,0
371,21,M,0.7676550657262958,2.4704142653174888,High,27,4,4,PhD,27.072254372962554,0
372,24,M,0.6076009360086188,3.1853257388401577,Low,31,0,4,Master,24.635454220554895,0
373,20,F,0.5060603873219467,2.149762448107082,High,27,3,2,Master,35.440455758454966,0
374,16,M,0.6206007287997708,2.362980521235526,Medium,8,2,3,High School,4.332501365668605,0
375,19,M,0.9879368774550269,3.7937146078299757,High,21,3,2,High School,10.495667371144387,1
376,20,M,0.9007685559414949,2.226261264178551,Medium,31,1,1,Bachelor,11.513676184549642,0
377,20,F,0.9797883221605167,2.6749706703948415,High,4,4,4,PhD,37.169386987242795,1
378,22,F,0.7439270219631813,3.7253528434900365,High,22,4,2,Bachelor,10.267796120010264,1
379,19,F,0.5548680993387518,3.2693033756688186,Low,4,4,3,Bachelor,29.101096430657858,0
380,16,F,0.7739797444868465,1.6555080654117569,High,31,4,1,Master,11.546947204546731,0
381,20,F,0.7271886672799804,1.8682576106974258,Low,9,4,0,Master,43.21962255411494,0
382,22,F,0.922178541369808,1.519603976929792,Low,38,4,2,Master,47.16708726999229,1
383,21,F,0.5490412903921222,3.0773044755729084,Low,14,0,1,Master,26.406155772169782,0
384,20,M,0.7441205685108891,2.619183563526046,Low,6,2,0,Bachelor,18.263135326249735,1
385,19,M,0.5750243323469921,1.8356871272556887,High,28,4,2,Master,12.468830975857458,0
386,17,F,0.6623379634450299,3.8948353026419262,Medium,2,2,1,PhD,3.4392690746291446,1
387,19,M,0.8686785386938998,2.8241493098640498,Medium,18,4,1,Master,14.156503733677274,0
388,18,M,0.7380090646843833,2.104733235282223,Medium,9,3,2,Master,33.057553217320574,0
389,16,F,0.6879441425728847,2.7515089278867686,High,27,4,1,Master,27.14722963415133,1
390,23,M,0.6972381392850177,3.1990508318377695,Low,28,1,4,High School,47.25802263576544,1
391,20,M,0.7297233842029933,1.6905980449339113,Medium,14,0,2,PhD,20.41758586209333,0
392,19,M,0.8925082719185284,2.18675953761973,High,34,3,1,PhD,34.99930377409133,0
393,23,M,0.9460423444701171,3.517413727209984,Low,5,3,0,Bachelor,24.976814626280948,0
394,22,M,0.9776673432519641,2.6491621760066533,Medium,11,1,0,Bachelor,26.11623458028637,1
395,17,F,0.8934516931276475,2.866442855080737,Low,37,4,4,Master,14.120941415601758,1
396,16,F,0.6577034478740064,2.582040005523673,Medium,12,0,2,High School,23.292588065257984,1
397,19,F,0.8440673530432711,1.6097498566075128,Medium,28,3,1,Bachelor,24.068464853622658,0
398,23,M,0.718801562027696,1.9143744495503898,Medium,18,0,1,Bachelor,35.62548356569776,0
399,17,F,0.6273353110230255,2.6138540968547272,Low,2,3,0,Master,47.091359960119576,0
400,18,M,0.9204357897129614,2.0229636635198194,High,7,4,4,Master,17.13674259664271,1
401,16,M,0.5192131744811626,1.6249475716491968,Low,7,3,0,Bachelor,3.067822960483624,0
402,16,M,0.9508809960677118,3.6091241601295594,Medium,19,3,0,Bachelor,25.318461149531345,1
403,18,M,0.7307387323123671,3.9529813229102895,Low,3,2,4,PhD,27.67860527530926,0
404,20,F,0.8186007384041403,3.4828571849918486,High,20,4,2,High School,9.253587005463848,0
405,18,F,0.8296769611028914,3.6344623042616675,Low,2,1,1,PhD,38.26276570752727,0
406,16,M,0.9475588703532682,2.1049428257926133,High,7,1,2,Bachelor,49.26152631363309,0
407,16,F,0.8183348410836037,3.9015674387829993,High,22,4,3,PhD,47.34296113341458,0
408,23,M,0.8069667923800309,1.992314261133571,Low,15,1,3,PhD,10.658195902358957,0
409,17,F,0.5333260202803449,3.8785745259045807,Medium,12,4,3,Bachelor,43.89279875513728,0
410,18,F,0.759204010972602,3.9870482349148775,High,2,1,4,Master,35.520188184172554,1
411,17,M,0.5750845004085208,3.2793070143651217,Low,8,2,0,Bachelor,23.238481626538668,0
412,18,F,0.8687168843607428,3.952859329479555,High,13,1,2,Master,27.489938721911724,0
413,22,M,0.7561109604063372,2.923849448917759,Medium,12,3,1,Bachelor,42.630408574140446,0
414,16,F,0.8401138896041767,2.148854457940226,Low,6,4,3,Bachelor,24.526612042280284,0
415,23,M,0.5208364503011922,2.592489714164052,Low,14,0,2,Bachelor,19.287161086151215,1
416,17,M,0.5423960080229016,2.983902338446965,Low,6,0,3,High School,25.169127158273305,0
417,18,F,0.8581616940313411,1.6827039050675374,Medium,37,4,3,Master,29.377360397717407,1
418,24,F,0.5360421679993367,3.0558581615431155,High,33,2,1,High School,10.264805035139092,0
419,22,M,0.5356283638826294,3.9529445919057364,Low,21,1,4,Bachelor,45.14447878308254,0
420,19,F,0.5060542376174437,1.975269124459319,High,23,2,0,PhD,34.03516049265108,0
421,20,F,0.97825069914974,3.4814877907209585,High,36,0,4,High School,32.03017694953696,0
422,17,M,0.8687541797295035,3.7697469844490485,Medium,0,4,2,Master,5.875315082851269,0
423,23,M,0.6766257042510321,3.859253982050552,Low,9,4,4,Bachelor,30.604522970456998,0
424,19,F,0.6482677906438277,3.9003390110136182,High,15,2,2,High School,6.927072449686125,0
425,24,M,0.6748516148729248,2.80364909680368,Low,7,2,2,PhD,4.856186084574554,0
426,20,M,0.887326765590591,3.9432697699787593,Low,24,1,0,High School,26.838233886477273,0
427,24,M,0.8306853055352073,3.393275517836097,Medium,11,3,1,Master,20.736491168278253,0
428,19,F,0.592597783933734,1.9041785905924047,Low,24,3,0,High School,29.851703237654938,0
429,20,F,0.5870546676670422,2.692250266169925,Low,16,1,4,PhD,5.371886234804691,0
430,24,M,0.5491978248566987,3.29582793843001,High,25,3,2,PhD,22.11817007951566,0
431,23,F,0.8301513598506691,2.1183507895477085,Medium,13,0,3,Master,9.56454903721274,0
432,18,M,0.882186331110868,3.1015379588722185,Low,35,3,3,PhD,49.367904210281715,0
433,16,F,0.632523214162502,3.1665011976165482,High,22,1,2,Bachelor,28.496360409323543,1
434,18,M,0.5104724805154564,1.9067493595214147,Medium,5,3,0,PhD,34.6844061861025,0
435,19,M,0.5410858337382136,2.9127132811318908,Medium,4,4,1,Bachelor,16.945495753447783,0
436,17,F,0.9839300174225152,3.429067277446519,High,24,2,0,High School,5.642206824187864,1
437,16,M,0.6477223887387101,2.747239161339855,High,17,0,2,Bachelor,48.817672276393296,0
438,22,F,0.8846115739190668,1.5302577919402687,High,12,4,2,Bachelor,15.026692733775977,0
439,23,F,0.8123317844271318,1.5225961726982304,High,13,4,1,High School,21.766601073505136,0
440,22,M,0.690969819826448,2.3925733599250307,High,27,1,4,PhD,32.843332163426176,0
441,20,M,0.6028436310977776,3.815485171079455,Low,17,2,4,Bachelor,2.210167586619453,0
442,16,F,0.5606932090797032,2.071691949009022,Low,27,2,1,PhD,40.70269739534706,1
443,22,M,0.8075064840194333,3.085909222179218,Medium,26,0,4,High School,27.292331311402393,0
444,22,M,0.8873168903188939,2.0551896767333013,Low,31,1,3,Master,14.632642166372285,1
445,24,M,0.8219521267705654,2.3041749741488715,Low,8,0,4,PhD,4.018791279330993,0
446,18,M,0.7651510666245791,3.62010522400371,Low,39,3,4,PhD,8.96242235824763,0
447,24,M,0.5209756117158182,3.3221536056748673,High,31,4,4,Master,44.85665908381841,0
448,16,F,0.9842443887971919,1.7384981932830266,Medium,19,0,3,Master,34.61518697285866,1
449,16,F,0.8993570958272873,2.571755052466084,Medium,27,4,4,High School,13.245184360207602,1
450,19,M,0.6464110183504823,1.5729244091131611,Medium,32,1,3,PhD,4.214437482306447,0
451,24,M,0.9899851646794253,2.7022253665075224,Medium,3,3,1,PhD,34.840150306945176,1
452,21,M,0.800940794818161,3.15608502925267,Low,33,1,0,High School,29.04797857242049,0
453,18,F,0.7912113291036232,1.796256558995379,Low,2,3,1,PhD,20.821456698453517,0
454,16,M,0.874036589714766,2.2222123472729143,High,25,3,0,Bachelor,18.81696101031313,0
455,19,F,0.9058848940450688,2.4945915637553924,Medium,7,4,1,Bachelor,11.623899520526306,0
456,24,F,0.8282393036657514,3.7988275616401244,Low,5,1,0,Bachelor,33.81095157033836,0
457,18,F,0.5640478731831,3.98313753855741,Low,15,1,0,PhD,48.56273336189965,0
458,24,M,0.6691337529972492,1.6122782474890396,High,23,0,2,Bachelor,9.610047046004468,0
459,22,F,0.9640418201630249,3.40251980873848,High,38,1,0,Bachelor,30.258714380759663,0
460,19,M,0.612307805921926,2.429310166005858,High,29,0,0,High School,21.785067731552832,0
461,18,F,0.6860835119187567,2.4811454655737,Low,12,2,2,High School,22.88774736548858,1
462,20,M,0.7160384414720979,3.385662433367557,Low,4,2,4,Master,13.453216726262905,0
463,20,F,0.7197024948472261,3.7960660803635218,High,24,2,4,Master,41.43160890740953,0
464,18,M,0.8064697912472627,3.877321486256371,Medium,19,1,2,Master,24.777524603214815,0
465,24,F,0.9715379188723539,2.942806465095802,High,17,1,3,Master,27.626886757714942,0
466,19,M,0.6203463559162525,2.392802898251257,High,17,0,0,High School,15.933284727068962,1
467,20,M,0.560750688150459,3.468872714646948,High,1,3,0,High School,9.908614817680538,0
468,19,M,0.5987352449299687,2.1275034581557506,High,9,0,2,High School,5.209609021938204,1
469,20,M,0.9434624501046347,2.9101850720837943,Low,11,2,2,Bachelor,35.99183790532088,0
470,22,F,0.822905406327603,2.3964461538121826,Medium,12,0,3,Bachelor,10.615479802704925,0
471,24,F,0.64295339461958,3.1415776842696905,High,10,3,4,Master,34.81369235525109,0
472,22,M,0.9079734694843087,2.1009972822337675,Medium,18,1,1,Bachelor,20.12844585630074,0
473,20,F,0.930684998181718,1.9789823643370643,Medium,34,0,4,PhD,21.37296524849292,0
474,22,M,0.923257169345139,3.795597716688593,Medium,38,2,0,High School,23.989697308545814,0
475,20,M,0.9594632668197772,1.7545092073738422,High,25,2,2,Master,19.017716898249617,0
476,18,F,0.6261205100866808,2.764894769337329,Low,13,1,3,Master,5.930378883906914,0
477,22,M,0.8775209643731392,2.0521319574075223,High,23,0,4,PhD,16.171958690139444,1
478,17,M,0.73026974863707,1.5973249083141687,Medium,0,3,3,Bachelor,33.52298367400298,0
479,24,F,0.9209992764450308,1.590047045728566,Medium,21,1,4,Master,33.623435671974676,0
480,16,M,0.8642453385808067,1.9380544302645684,Low,22,0,0,Bachelor,15.024991054759724,0
481,21,M,0.8882237232498623,3.6669258862650005,High,18,4,1,Bachelor,23.54502870132671,0
482,22,M,0.8280809188405358,2.2061968599425668,Medium,17,2,3,PhD,10.478914172584936,0
483,23,M,0.5887143847348535,3.8761479264382395,Low,11,3,3,Master,11.308231994961954,1
484,24,F,0.7725134594484692,2.954055732472984,Medium,27,3,1,Bachelor,2.129307331923763,1
485,17,F,0.992334869762254,2.5915354744219155,Low,27,3,3,Bachelor,44.94058094547949,0
486,17,F,0.9686940332485594,2.9502220866736364,Low,32,2,3,PhD,11.324626588670403,0
487,20,M,0.5215868678985058,2.7917459630656696,High,18,0,4,PhD,12.149159969886703,0
488,20,M,0.5824074078647186,3.396940634393313,Medium,27,1,4,Bachelor,14.700470199611459,0
489,21,F,0.565864386727281,2.2062401649321304,High,36,0,1,PhD,7.242995513076021,0
490,18,M,0.8629899549926477,2.382625979000756,Medium,25,1,0,Bachelor,32.32388127588678,0
491,23,M,0.9088926649284725,3.7352357563331267,High,34,3,3,Master,4.6820047057017415,0
492,16,M,0.606755683155336,3.8661412828760136,Medium,33,0,0,High School,7.575918889991163,0
493,21,M,0.7529263464759145,3.731395568716186,High,34,3,1,PhD,32.59307960291455,0
494,19,F,0.9203515140056,2.548619984893284,Low,39,4,1,High School,17.643370403590694,0
495,16,F,0.8664007723831253,3.4509137575172044,Medium,15,3,4,Bachelor,35.689443508358266,0
496,22,F,0.7711186027459241,2.6908393332527467,Medium,37,3,3,Bachelor,28.31381248883696,0
497,24,M,0.7951738452293864,2.7438496303652555,Low,12,1,2,Bachelor,13.54503748001414,1
498,19,F,0.75418027345814,2.0117002726432096,High,22,4,1,High School,32.890569573977075,0
499,19,F,0.6487742256594102,2.9778257581462912,Medium,21,3,3,Bachelor,6.697410334351152,1
500,21,M,0.782510996429508,1.9653397443833698,Medium,15,3,0,PhD,27.284108770921492,0
501,18,M,0.8444426510250453,2.328911747667984,High,27,4,4,Master,22.420257147206698,0
502,21,F,0.9366614579304038,3.637575504049838,Low,34,4,0,Master,14.125805558054598,0
503,22,F,0.818145676989624,2.017689523027138,High,7,0,1,PhD,30.596244889235507,0
504,18,F,0.880560768521579,1.677895712933582,High,21,1,1,Master,43.695346024673846,1
505,22,F,0.5800358174772865,1.6725189815320407,High,20,4,0,High School,49.94633028839076,0
506,18,M,0.730778737209895,3.8519613012577696,Medium,25,4,1,Bachelor,30.7803756684278,0
507,17,F,0.5046658099135466,2.7673010949045866,Low,39,2,3,Bachelor,20.830587842129336,0
508,19,F,0.6233394322608115,2.5235301795425458,Low,20,4,1,Bachelor,12.035147910593878,1
509,23,M,0.8632308575565024,3.527196452519796,High,24,1,4,High School,13.597708380360476,0
510,24,F,0.9959049756746817,3.58956481977629,Medium,0,3,3,High School,24.493293929338517,1
511,22,M,0.549589049793608,2.3304775827890114,High,5,3,2,High School,18.99660736275475,1
512,16,M,0.7007471579306441,3.2340451436844884,Medium,22,3,1,PhD,45.776911608622264,0
513,18,M,0.9000354843495797,3.4278070396297164,Medium,22,3,1,High School,19.046477915129767,1
514,24,F,0.6020178173144495,3.1366267171648863,Medium,22,2,4,Master,19.298784966126338,1
515,16,F,0.7775424746511431,1.8789876870002484,Medium,31,4,4,PhD,19.79319110926487,0
516,24,M,0.8665356480148374,3.6897077087926426,Low,29,3,0,PhD,41.99439030801525,0
517,23,F,0.8079927251300896,2.8477363818400216,Medium,12,0,0,PhD,32.888627721498196,0
518,16,F,0.594012367307708,2.2061810659250094,Medium,17,3,0,High School,31.094273665625742,0
519,21,M,0.6776922843428697,2.5630704635942347,High,22,4,4,PhD,17.373008096809247,0
520,20,M,0.8918958922426986,1.5939277259972684,High,14,3,0,High School,41.07730466478953,0
521,21,F,0.7771132570660083,1.8196670030560438,Low,32,2,0,High School,2.8798292064293554,0
522,20,M,0.5026148067714564,3.413866876289652,High,20,1,2,PhD,43.66906144456755,0
523,21,F,0.8804953800140469,1.5000290868884154,Medium,38,1,0,Bachelor,26.12474508990255,0
524,20,F,0.5176556774701195,2.5414145712057303,High,22,4,1,Bachelor,20.51426150830723,1
525,20,F,0.8728668913656161,2.806275452713971,Low,26,1,4,PhD,25.3611967551666,0
526,19,F,0.6012402800826186,1.6365860500024307,High,17,1,3,Bachelor,33.70336099615772,0
527,18,M,0.9790367400596901,3.932695407430832,High,23,0,2,Master,1.6255058993769707,0
528,18,M,0.6839703756510422,2.06531332812418,Low,39,4,4,Master,43.70604096645414,0
529,19,M,0.6634658081690396,2.260496799090702,Low,6,4,4,High School,22.89023674025825,1
530,24,M,0.5744440251662224,2.2598562806375684,Medium,19,1,1,Bachelor,17.80535946530383,0
531,17,F,0.6528021077451074,2.0760416552933747,High,26,1,0,Master,7.774032716068798,0
532,24,F,0.9383253809141003,1.5036845552157785,Medium,5,1,1,PhD,22.533803343563665,1
533,16,M,0.9981671688136237,3.323361985219991,High,26,2,0,Bachelor,25.319815792934563,1
534,16,F,0.6841547652534241,3.9171137494982133,High,8,3,0,Master,20.77868803018041,0
535,20,F,0.7243053154772713,2.060733708212613,Medium,30,2,4,Master,34.25434459751796,1
536,21,F,0.8610354691013685,3.157617979508556,High,20,4,0,PhD,21.623929909202076,0
537,21,M,0.9430978902325373,3.3547408173967876,High,25,0,2,High School,48.1094613144821,0
538,18,M,0.7965221670933921,3.621063447726312,High,39,3,2,PhD,30.364598373356,0
539,22,M,0.6957628490889147,2.556572992534023,Low,12,0,2,High School,40.56641884694354,0
540,24,F,0.7063109204243119,2.257327264101073,Medium,22,4,4,Master,6.358439252364463,1
541,23,M,0.8478090732484034,2.3132378350575777,Low,19,4,1,High School,20.46727335434938,0
542,21,M,0.5016091318021394,3.281553332746282,Medium,36,0,3,Master,17.50553737091048,0
543,23,M,0.8097946687299203,3.54194866626409,Medium,27,0,0,Master,28.904637018693,1
544,20,M,0.6777465052206787,1.9540349193915065,High,16,0,3,Bachelor,43.194562483009854,0
545,23,M,0.8970986656385421,2.427352520394413,Medium,27,4,1,High School,4.838572670338326,1
546,19,M,0.5464953199115661,3.754850491872875,Low,1,1,1,High School,4.556165104190828,1
547,23,F,0.7941011334741952,3.516733799236848,Low,24,0,4,High School,42.665567699722345,0
548,17,F,0.7404864449430619,3.9621460069061896,Low,5,3,2,PhD,11.429654215879514,0
549,20,M,0.8211627629526137,3.385620649205202,Medium,10,4,2,Bachelor,33.768909468040874,0
550,24,M,0.5324267972414842,2.4829880025698055,Low,37,2,1,Bachelor,27.601028485679453,0
551,19,F,0.7899918937140656,2.9765945849865947,Medium,5,2,4,Bachelor,41.811786149474244,0
552,21,F,0.7807422939797619,3.1525356356183005,Low,10,3,4,PhD,7.129356581983773,0
553,16,M,0.7803300472080854,1.69613954079281,Low,13,1,0,High School,7.359365320407953,1
554,24,M,0.8017438332982274,2.861242397759663,Medium,1,0,2,High School,28.28409965363707,0
555,16,M,0.8382339686131811,3.273302071181524,Low,39,4,1,High School,47.37255401456017,0
556,20,M,0.9024944998403849,1.9183032600026508,High,2,0,3,Bachelor,21.334890160166957,0
557,19,F,0.6349103600641072,3.451579293563893,Medium,34,4,2,Bachelor,17.020162912480053,0
558,18,M,0.912524705090031,2.9594319512852794,Medium,32,2,0,Master,30.727776836696407,1
559,21,M,0.7491278411317268,3.8805544642439864,Medium,23,0,4,PhD,46.591981426706525,0
560,17,M,0.5385291395671656,1.6060557455172293,High,18,3,1,PhD,42.00946380938656,0
561,18,M,0.5292754646219896,2.1633153438886676,Medium,17,1,2,Bachelor,49.778696925927775,0
562,20,F,0.6671191593480303,3.00388469824956,Low,23,3,3,Master,2.1058605769164775,0
563,24,F,0.8924484885557338,2.2413997805148265,Low,34,1,0,High School,6.530049090925349,0
564,17,F,0.8538404673704578,3.2860604101781057,Low,0,0,0,Bachelor,30.863920404964478,0
565,23,M,0.8943074823362032,3.3975132063048274,Medium,35,0,2,PhD,41.208245527358635,0
566,17,M,0.7586345282208047,1.7562899101661862,Low,24,1,3,PhD,14.97697277303156,1
567,20,F,0.7200994989777453,2.784636160516919,Medium,33,2,0,PhD,12.72134331367672,1
568,22,M,0.5737262633531419,2.7722263889776397,Low,24,4,1,High School,39.56181416967884,0
569,23,M,0.6640963768046557,2.4232019255388524,High,15,3,0,PhD,3.7627108388083474,1
570,16,F,0.7170096830869377,3.83231215642418,High,33,3,3,High School,19.09974973154667,0
571,21,F,0.5443002148398086,3.568765799683053,High,28,3,4,High School,25.78465190702416,0
572,16,F,0.6103059763556056,3.243023454774092,High,18,0,4,High School,28.457085043165847,0
573,17,F,0.7991126470318695,3.285816589337494,Medium,22,3,2,Bachelor,36.702142682846066,0
574,16,M,0.8678315571195949,2.654290359532798,Low,18,4,3,High School,18.387440448102254,0
575,20,M,0.9991737556964748,3.8024863027414395,High,24,4,0,Master,31.021532889055752,0
576,24,F,0.9665566656717788,3.2364885681332134,Medium,15,1,0,PhD,29.68339571675686,0
577,21,M,0.8212825997675958,3.322452654139541,High,8,0,4,Bachelor,27.833188932033607,1
578,16,F,0.7106240266470361,3.654227259468363,High,0,4,4,PhD,32.38368136396839,0
579,16,F,0.8180886823541164,2.1851789733554776,Medium,18,2,1,High School,13.71300938233574,0
580,17,M,0.892825809040116,3.5176772596667574,Medium,32,0,4,Bachelor,5.14778892564682,1
581,24,F,0.5591680954616937,1.98810150739123,Low,33,0,1,Master,6.844311929947428,0
582,18,M,0.7049524448481441,2.3633548806122198,Low,15,4,0,High School,12.004536750041153,0
583,16,M,0.9199011428178085,2.3390261356746067,High,39,2,1,PhD,25.509698840616476,1
584,20,M,0.691916475966522,3.9463136709728515,High,17,1,1,Master,42.18169477675499,0
585,22,M,0.7859361356135932,3.641343059369817,Low,33,4,2,High School,35.36337376233082,0
586,21,F,0.793884680431099,3.2529246539756493,Low,24,2,4,Master,39.66298960590031,0
587,16,M,0.5922381265668197,3.3176419040384753,Medium,5,0,1,High School,18.197805572378478,1
588,20,F,0.6811177208261442,2.9051819860064274,Low,20,2,0,Bachelor,20.82803334077896,0
589,20,F,0.6672556443709661,3.8677266677712976,Low,5,0,3,High School,20.29041241354003,1
590,21,F,0.5130983542660323,2.740646882205904,High,31,4,1,Bachelor,10.401786035820574,0
591,18,F,0.5120958819456776,2.451294274674736,Low,38,4,4,High School,3.999616249035029,0
592,20,M,0.9158485218378867,1.9075883423289774,High,30,3,2,High School,29.954888548534115,1
593,22,M,0.6365354049864063,3.465514130652645,Low,9,3,0,PhD,49.47161748760872,0
594,20,F,0.7590393831194078,3.3361098301889784,Medium,29,3,2,Master,9.17465554256288,0
595,20,F,0.6493627867943865,2.460887596310337,Low,17,4,3,Master,3.287556175064414,0
596,20,M,0.9703396225576703,1.5629835348980734,Low,23,1,1,Master,39.197052409372716,1
597,18,F,0.6296483794328869,3.597493319295027,Low,8,4,1,High School,13.376714327551486,0
598,16,M,0.7148284063694675,1.528544958635184,High,30,2,4,High School,41.65254646229349,0
599,20,F,0.9363651252423009,3.2592494490726276,Medium,14,4,1,High School,35.49289668469125,0
600,24,M,0.9209667833959043,3.9256427743151425,Low,3,4,0,Bachelor,47.33800331548942,1
601,16,F,0.5930507089231387,2.5941533203705087,High,39,0,3,Bachelor,21.037434552076927,0
602,18,F,0.9013216548978552,2.087433512489882,Medium,8,0,2,PhD,33.43652213308107,0
603,19,M,0.7290934433689463,3.2621775251084544,High,8,0,3,High School,23.777884259850264,0
604,16,F,0.7414844360426776,3.542820355038963,High,25,4,1,Master,31.89884616811863,0
605,16,F,0.5667399862079718,2.8660757901946186,Medium,3,1,2,Master,23.03034639437913,0
606,23,M,0.5403007568785623,3.9175881881403654,Low,16,2,4,PhD,10.242980074779666,0
607,17,F,0.8639696534868826,1.6291718041449028,High,15,2,3,Master,25.886973384165664,0
608,23,M,0.7482305761776499,2.76198899576132,High,14,1,2,PhD,26.900625870434673,1
609,22,M,0.7184253513075898,3.296134868306375,Low,34,1,2,High School,40.719588564747895,1
610,17,F,0.8647541143261983,3.6566011778729473,Low,4,2,2,Master,37.04051458388548,0
611,21,F,0.8827564494955549,1.9481390297694752,Medium,4,3,0,High School,33.52578957313076,1
612,21,F,0.5794540838346768,3.5000087044092036,Medium,19,0,3,Bachelor,6.555967682076054,0
613,18,F,0.8051125747388206,2.881767689296363,Medium,14,0,2,Master,36.310198242522034,1
614,17,F,0.5676770411388428,2.491384204974908,Low,17,2,3,Bachelor,25.514952661371225,0
615,16,F,0.8756875430145228,1.829287571447734,High,1,1,2,Master,44.810877269201804,0
616,21,F,0.8284775781335698,3.663239397272281,High,28,3,4,High School,46.0736757723966,1
617,20,M,0.978307310541729,1.8931830204492883,Medium,12,2,4,PhD,3.7026729394874875,1
618,24,F,0.5344790081782106,2.274469648022748,Low,3,0,4,High School,41.21143645736946,0
619,16,M,0.5285273605756271,2.225113829906092,High,9,4,1,High School,2.8471721307108604,0
620,22,F,0.6410935373466,3.6785350854771357,Medium,30,1,2,High School,18.99131165905611,0
621,20,F,0.630852841867953,3.181757485522245,High,7,4,1,Master,27.57269880543288,0
622,20,M,0.6234893995359999,3.4917034929784307,High,2,2,3,PhD,8.256939132729244,0
623,17,F,0.9531272902605183,2.1261697469812475,Low,8,0,1,Bachelor,37.569376815884766,0
624,18,F,0.624773099924753,3.0621852490174972,Low,29,3,3,High School,1.40938050443479,1
625,22,M,0.6359748630643155,2.929364957859372,High,10,4,3,Master,9.261353373267806,0
626,21,F,0.8796991312089819,3.5820759419706776,Medium,34,3,3,Bachelor,29.459044662820308,0
627,17,F,0.72486992122527,3.765217651203151,Low,36,0,1,High School,36.004990539827325,0
628,21,F,0.8883552784775905,1.530391928693467,High,12,4,2,Bachelor,45.91551203200189,0
629,17,M,0.5326830787821926,3.1850497976469816,Low,35,3,1,High School,35.56933594479657,0
630,17,F,0.7437855968366922,1.6295894977993226,Low,12,3,2,Bachelor,33.91718424248843,0
631,17,F,0.5168068000916413,2.87214666269339,Low,11,4,2,Bachelor,20.322716171182552,1
632,18,F,0.5313266017276772,2.2190818226091955,High,36,0,3,PhD,1.0629368508132693,1
633,17,F,0.9532187266722054,2.266941498805353,Medium,9,3,1,PhD,6.887803678045476,0
634,19,M,0.5696226855587976,2.3823962586308913,Medium,8,2,2,High School,27.193172693045916,0
635,24,M,0.7662103411376086,3.0532311226240254,Medium,6,4,4,Master,34.081364406376565,0
636,21,F,0.7055478013003533,2.335124914171923,Low,1,1,2,PhD,21.454965910926663,1
637,16,F,0.6736716631294213,3.331747626475701,High,22,1,4,Bachelor,36.80327156489112,1
638,23,M,0.9499166728436362,2.511318463934674,Low,38,0,1,PhD,26.571252471276757,0
639,22,M,0.5109116983877448,1.6708830007748965,Medium,39,2,1,PhD,4.634633584121298,0
640,18,F,0.8318948430877946,3.459399606210268,Medium,38,3,1,High School,10.408796297429493,1
641,16,M,0.9816972171067753,2.214395811481765,High,20,1,2,PhD,42.159912938953205,0
642,20,F,0.780084091730921,2.5819171989981564,Low,22,0,0,PhD,36.52072458459754,0
643,19,M,0.9684112310165459,3.213609708054754,Medium,28,2,2,Bachelor,44.84333736361226,1
644,23,M,0.5261289396430119,2.33114039287178,High,13,2,2,PhD,6.760305206925892,0
645,16,M,0.7093966595370806,1.6414641403667891,Low,25,0,3,Bachelor,49.52090419613862,0
646,16,M,0.6300788954810256,2.434802617532034,Low,4,0,3,PhD,11.260928983546746,0
647,19,F,0.8654104824903649,3.8611214567357584,Medium,30,3,2,PhD,1.5772139380454586,0
648,23,M,0.9906485452486233,3.104335993246395,Medium,24,0,4,Master,49.873724013624155,0
649,20,M,0.6282650312221238,3.1786978716680174,Low,30,3,3,PhD,14.772620386810544,0
650,17,F,0.8270873007370372,3.0807053840940997,Low,19,3,2,Bachelor,33.73295317311543,0
651,21,M,0.5990488163798701,1.997480347398592,Medium,16,4,0,Bachelor,9.657433394638955,0
652,20,M,0.782665127285805,2.5458346602557,Low,1,2,4,High School,29.431198077757944,1
653,17,F,0.731966243344168,3.3773494959082955,Medium,24,2,1,High School,45.2977143362734,0
654,18,M,0.9860026648157685,1.753432243882898,Low,12,2,2,Master,16.688877203993492,0
655,24,F,0.8042636363482333,2.194631940224281,Medium,38,4,2,Bachelor,33.842444826173605,0
656,22,F,0.6747531860434094,2.1907977711646343,High,27,3,4,Bachelor,10.207275851122409,0
657,22,F,0.5570478924439667,2.580047318986265,Medium,5,3,3,Bachelor,31.614974537217538,0
658,21,F,0.5756234143674672,3.950921852355463,Medium,2,0,3,Master,17.486067239058,0
659,23,M,0.6126584649756175,1.6687563667095549,High,34,4,3,Bachelor,11.349204670809632,1
660,19,F,0.625483330670149,2.7967524859514876,Low,17,0,1,High School,16.34592048447812,0
661,23,M,0.9253080289205688,1.948411705030526,High,10,4,4,Master,9.763212356882168,1
662,19,M,0.7806113941412625,3.9266913635243603,Medium,19,0,4,High School,45.193889284056254,1
663,23,M,0.7616954556871832,1.7832587618186606,Low,4,1,3,High School,20.462157429539314,0
664,24,M,0.5573844359346087,2.509002505903978,High,18,2,3,Master,13.018685943744,0
665,18,M,0.9300698466747175,3.344712462086515,Low,21,2,0,PhD,22.97198420978071,1
666,18,M,0.8614071516042419,3.261386070068613,Low,18,3,0,PhD,16.706272173518283,1
667,17,M,0.5338341809500008,2.5568215922348307,High,15,1,2,High School,37.47654343685297,0
668,18,M,0.8539175486148843,2.3663104198817955,Low,23,2,2,PhD,48.589775682389224,0
669,18,M,0.771769108671323,2.4940309463821766,High,3,3,4,Bachelor,22.463649178184696,0
670,20,M,0.5408626728733892,2.1606906578965983,Medium,14,1,4,Master,43.19063659863978,1
671,20,F,0.7291503207643282,2.0133323467669992,Low,24,2,1,High School,28.727290604421356,0
672,17,F,0.7423481435650234,2.707599243897225,Medium,34,0,1,Bachelor,8.704547589617441,0
673,21,F,0.5828872700816379,2.1713343901690183,Medium,13,4,0,PhD,34.84051436198574,1
674,20,M,0.9728490735001412,2.2186541622431255,Low,18,1,2,Bachelor,26.158290359165186,0
675,21,F,0.924987685740331,3.1418901586863925,High,37,3,0,PhD,32.87971963935307,0
676,16,F,0.8345111686645541,3.9213433292497304,Low,35,1,0,High School,44.59468321601158,0
677,20,F,0.7311477805003036,3.009093001398438,Medium,6,3,2,Bachelor,22.58129396214626,1
678,24,M,0.7058827707922543,1.6924486676624158,Medium,29,1,1,Master,45.15770353765043,0
679,17,M,0.8254867335754771,1.6889590346351675,High,18,3,2,High School,37.78278169980109,0
680,16,M,0.7727159347034527,3.878558052113915,Low,24,2,3,Bachelor,24.941641368021255,0
681,24,M,0.5311365529409429,2.243226975768334,Medium,15,0,3,Bachelor,30.557884647240222,0
682,24,F,0.7562513243851658,1.7301674652061885,Medium,39,2,3,PhD,16.95347549343156,0
683,24,F,0.9032018086164197,2.997611467875954,Medium,7,0,4,High School,49.196267687199935,0
684,21,F,0.729619938798479,3.059121945725665,High,17,2,1,High School,33.7002069894694,0
685,23,F,0.5259782887771343,3.1212620502967203,Medium,27,2,1,High School,3.148495772334865,1
686,16,M,0.8931390996920165,2.168505069643853,Medium,15,1,4,High School,17.004473381652428,1
687,19,M,0.6006818910679872,1.5377767105361877,Low,18,4,0,PhD,31.542407254193815,0
688,16,M,0.6293104174440194,3.9125384236361795,Low,16,3,3,Master,3.7603306121627504,0
689,23,F,0.582353176716148,2.127232614227756,Medium,12,3,3,High School,2.1703253746379954,0
690,16,M,0.6651075324357487,3.1900657201313685,Medium,6,3,0,PhD,23.051187736862325,1
691,18,M,0.8783757528443175,3.266574674696774,Low,26,0,2,Master,17.30181880494083,0
692,19,F,0.7596929297519687,3.025018542698714,High,9,3,2,Master,22.476631793625128,0
693,23,F,0.6024406370753563,2.2822684855341207,High,33,3,1,PhD,13.871972184120253,0
694,21,M,0.9389150390760204,2.1777406344101644,High,35,1,4,High School,9.071169600206066,0
695,22,M,0.9397909274757645,2.9941707067567576,High,24,2,1,Master,34.768024492036545,0
696,23,M,0.9352892125230035,3.6652390840292286,High,5,3,2,High School,26.213984697122225,0
697,17,M,0.6193981056907696,3.866834322308489,High,23,4,0,High School,10.807556351218974,0
698,23,M,0.725619672090494,1.7647645110093941,High,17,3,1,Bachelor,16.659881886739917,0
699,18,M,0.9924948280704375,1.8870715314942996,High,22,0,3,High School,29.99858747550297,0
700,22,F,0.8860062381549951,3.861840646957699,Low,5,0,3,Bachelor,4.539238065351414,0
701,18,F,0.5135837106127799,3.3413380708369815,High,28,0,0,Master,8.225197454042798,0
702,22,F,0.5326022956302461,3.7074845620744328,High,24,3,2,PhD,4.5890346012621155,0
703,17,M,0.7319656884061664,2.006581585338358,High,16,1,3,Bachelor,40.803549302991826,0
704,21,F,0.9546101029307801,2.9689646777735046,Medium,23,4,3,PhD,37.868052427388456,0
705,18,M,0.7693508989763571,3.252848986043684,Low,10,3,4,Master,37.9123336620836,0
706,18,M,0.7489062540171452,3.200279713617432,Low,25,1,1,High School,36.09994183032538,0
707,24,F,0.5527368499783153,2.520379227166745,Low,33,1,2,Master,33.79988575982359,0
708,22,M,0.828390052362147,1.5384872292282712,High,27,3,1,PhD,24.372603853530574,0
709,20,M,0.9110515803001127,2.957315142010658,High,2,3,2,Master,32.47163001184863,1
710,22,F,0.6902100037537812,2.132753847949022,Medium,10,1,3,High School,2.879716184610758,0
711,24,F,0.8878059254626638,2.6256356153572256,Low,37,1,4,Master,31.451756710182444,0
712,16,F,0.9822383269504058,3.893952537709543,High,13,1,1,High School,39.11600757130698,0
713,22,M,0.6018832295638445,2.4975882941060865,Low,25,3,3,Bachelor,25.51755965883512,0
714,21,F,0.7616648155973706,3.599504016661067,Medium,20,1,2,PhD,18.51815309293461,0
715,24,F,0.6435689790422878,1.971351514373128,Medium,38,0,1,High School,14.593910005247977,0
716,16,M,0.8964272095169197,3.181151245062572,Medium,29,3,1,High School,32.497300457942046,0
717,19,F,0.7887966829405788,3.9425173860973586,Low,7,0,3,Master,34.94725873286553,0
718,24,F,0.8172912087751518,1.754732752182342,High,19,2,1,Bachelor,43.67741239326459,0
719,19,F,0.898957079807947,1.52079985556798,High,31,3,4,High School,17.774370040588547,1
720,18,M,0.6979852363312274,2.5839569815815358,Medium,21,2,4,Bachelor,38.71884306189369,1
721,24,M,0.9575450342035217,1.731563707628418,High,6,1,3,Bachelor,28.50643538527756,0
722,17,M,0.76651443362307,3.3709608741905783,Medium,8,1,2,Master,44.25898804322588,0
723,19,M,0.578977411417674,3.7863716596213974,Low,0,4,3,High School,26.86279330648542,0
724,21,F,0.8479495590844013,2.585052431771897,Medium,28,1,4,Master,26.363861591500395,0
725,17,M,0.8966306752191272,2.1467791053886023,Low,7,2,0,PhD,29.315976990604547,0
726,23,M,0.6583808385337633,2.5860082975165244,Medium,3,1,0,PhD,37.71645240197929,0
727,23,F,0.9285896284993764,3.3086195446250026,High,34,3,1,High School,48.26983346259458,0
728,16,F,0.9530716273828832,1.5226354039509276,High,2,1,1,Bachelor,4.604604356572517,0
729,18,F,0.6384522436889044,2.973634973711743,Medium,39,4,0,High School,3.618295517159841,0
730,24,M,0.9917607363576111,3.0332292122184477,High,6,1,4,High School,46.93996653295959,0
731,20,M,0.5703557640243793,3.0942206172398388,High,26,2,1,PhD,26.9639056503921,1
732,21,M,0.601007834201245,2.105055199952193,High,0,2,3,PhD,31.130247713779866,0
733,19,F,0.5921124196190131,3.2851318084453167,Low,26,1,3,Bachelor,24.638756478141715,0
734,17,F,0.9469948550039352,1.728478715829441,High,15,2,4,Bachelor,5.58921517776625,0
735,23,M,0.8271462761624809,1.998175841167002,Low,37,2,1,High School,38.63637954251466,0
736,21,F,0.5760521416111364,3.693675116636205,Medium,6,4,3,Master,37.61400760934076,0
737,20,F,0.7201617091841745,3.346807876816416,High,22,3,1,High School,16.27346275314779,0
738,24,F,0.807649012534901,1.5343638850283632,High,10,4,1,Bachelor,16.00572301619162,0
739,16,M,0.5417320424946916,2.1209406509245006,High,32,0,3,Master,42.05422766437041,0
740,20,F,0.9412081842036694,2.0360162074829113,Medium,35,4,0,PhD,4.545505629325005,0
741,21,F,0.9018017677207676,2.177015820092431,Low,36,1,3,Bachelor,44.174152269471726,0
742,20,M,0.7526033867883191,2.1188994256997162,Low,16,3,4,Bachelor,13.576422804899806,0
743,21,M,0.9835633076295852,1.6563157393571144,High,34,1,2,Master,30.056252640019203,0
744,21,F,0.7088804896375498,2.647351291492051,Medium,4,0,3,Bachelor,46.86371477108711,0
745,22,F,0.992055159518249,3.331833686965413,Medium,31,3,1,Bachelor,34.228002575295676,0
746,19,M,0.8339599994018135,3.016829311793591,Medium,2,2,1,Bachelor,21.307060810884792,1
747,23,M,0.8173356366269707,3.1821791714951995,Medium,34,4,3,Bachelor,34.78717623636534,0
748,22,F,0.5829774476478925,1.7028729463405978,Medium,13,1,2,Bachelor,17.85500217950214,0
749,24,F,0.940963879152322,3.878726775441968,Low,30,0,3,Bachelor,14.58566240111012,0
750,22,F,0.7137448439603076,3.596229584607562,Low,30,2,2,Bachelor,49.837480618799304,1
751,18,F,0.5811167028912396,3.512725796239157,Low,16,4,2,Bachelor,37.7887213278096,1
752,18,M,0.5063037599878795,3.5574595126044186,High,23,2,4,PhD,32.59127889170907,0
753,23,F,0.7798778418191913,3.831776270331903,Medium,22,4,1,Bachelor,18.40919251774662,0
754,20,F,0.7636998110613382,2.860634915284244,High,17,3,1,PhD,3.40888062859736,0
755,19,M,0.8596768111845793,2.000705044669065,Medium,13,2,2,PhD,2.521786925722625,0
756,23,F,0.9451290265089011,3.041959019631353,Low,14,2,1,High School,28.154881516991143,0
757,21,M,0.5397032923215148,3.3572037341698477,High,14,2,0,High School,38.339603330913505,0
758,17,F,0.8657482451701812,3.3447934833850637,Low,5,3,2,PhD,27.3315803317489,0
759,19,F,0.5937059720487912,2.8036225604172005,Medium,26,0,1,PhD,42.198468525016615,0
760,19,M,0.929088526578582,1.6711467983339452,Medium,14,4,0,Bachelor,2.63790012156786,1
761,21,M,0.9095317569308281,2.4277823460753196,Medium,35,2,4,High School,18.970851744871066,0
762,21,F,0.7703968774927722,3.801916521158393,Low,7,3,1,Master,12.616449167534725,0
763,16,F,0.8551213993116558,2.9611222743935652,Medium,14,0,0,High School,22.916375439698978,0
764,23,F,0.6571750565918741,2.8458298581392834,Low,2,4,3,PhD,4.546443266512002,1
765,21,M,0.7355839494664074,2.172133785955484,High,12,3,3,PhD,47.752450436982556,1
766,18,F,0.9108184488552358,2.421122299791447,Medium,33,4,0,Bachelor,11.939514652398685,0
767,24,M,0.729632598586607,3.738365222882923,Medium,23,2,2,Bachelor,46.193080998695656,0
768,17,M,0.678899132662721,3.1661576188170892,Medium,39,0,2,High School,21.86876459679741,1
769,23,F,0.74710622362515,3.468467566880832,High,31,3,1,Bachelor,49.29068252950568,0
770,18,M,0.9141246262186091,2.635863557669138,Medium,31,0,3,Master,28.148860789550326,0
771,20,F,0.6676040236854364,3.075618048640395,Low,29,2,2,Master,46.61081034461456,1
772,21,F,0.586880796567872,2.1209590218580185,Low,12,0,2,Bachelor,1.2621004460169194,0
773,21,F,0.8560070101653904,3.2636520757087157,Medium,0,0,3,Master,37.66370150286411,0
774,19,F,0.912989106354041,2.569003334258343,Medium,33,1,4,Master,45.24948200202326,1
775,18,F,0.5503187392617667,2.606363787036864,High,14,0,2,High School,7.84630778196875,0
776,19,M,0.6199370563779724,3.1233058114422043,High,13,4,0,Master,5.710166734875423,0
777,16,M,0.570985994880497,3.8407015536723166,High,28,3,1,PhD,21.804057752111824,0
778,19,F,0.6739707057910833,1.6600158665215523,Medium,33,1,2,PhD,46.75026640051382,0
779,16,F,0.7251754894527063,3.561858093367519,High,17,3,2,High School,27.5769414493315,0
780,16,M,0.8744131684816532,2.2309577760304826,High,6,3,4,Bachelor,26.845366722364876,0
781,21,M,0.8255737924408371,2.6097986362659444,Low,28,2,0,High School,7.915179796666772,0
782,20,M,0.8104642837392155,1.5547833219375224,High,30,2,1,Bachelor,1.0386860435677205,0
783,19,M,0.6761874733048272,2.2526151945857826,Low,24,1,2,Bachelor,40.6968644465276,0
784,18,F,0.9207237765423799,2.756578106575326,Low,37,2,1,Bachelor,5.291153586325673,0
785,16,F,0.7356435836990822,1.6404401933685975,High,13,2,3,Bachelor,32.05864111803088,1
786,21,M,0.9895524690075772,2.7277393234579126,Low,7,2,2,Bachelor,45.81620627124438,0
787,17,F,0.8170710691478684,3.817776572146068,Medium,26,3,2,High School,11.223943744763119,0
788,23,M,0.5631323707822513,1.763483045269513,Medium,1,1,3,Bachelor,33.59836897560863,0
789,20,F,0.838088781037717,3.411101820188761,High,16,3,4,Master,4.8562302586679635,0
790,22,M,0.6625520077158495,2.5241776334399817,Medium,36,4,2,Master,30.584002048043036,0
791,17,F,0.8431635983430488,3.137934286310845,Low,13,3,1,Bachelor,9.032654326706934,0
792,23,M,0.5348205740812029,2.1505914949630736,Medium,24,4,0,Master,37.06172446524372,0
793,17,M,0.5874407185879797,1.8987306563533957,High,29,0,1,PhD,15.760333444901502,0
794,19,F,0.9278686294528932,1.9011565356780662,High,28,0,4,High School,23.706159431427665,0
795,16,M,0.6135897785117574,1.6762298641078617,Low,19,4,0,High School,30.372096559353462,0
796,20,F,0.9185205626214701,1.9641167622531075,High,20,4,1,Bachelor,9.39239712264574,0
797,24,F,0.6396380442272052,3.1605484624724207,Medium,21,3,1,Bachelor,37.340253112263426,0
798,16,M,0.8214409550293538,3.70422652960877,High,34,4,3,PhD,15.829376691203914,0
799,24,F,0.8470752867549155,3.5353142139779044,Low,36,1,4,Bachelor,33.456221135724924,0
800,23,F,0.7563273765725265,3.2128357746862104,High,15,0,3,Master,8.755869484269308,0
801,21,F,0.6526553383483656,1.7760796585277567,Medium,16,0,0,PhD,34.717765301111164,0
802,22,F,0.6063221881855481,2.2229686157398745,Low,15,4,3,Master,7.281215567712625,0
803,18,F,0.5165946772812131,2.2745171883061723,Medium,1,2,4,High School,21.842468317229198,0
804,16,M,0.6519732006203619,2.124892365994053,Low,3,2,2,Master,13.113097613204964,1
805,20,F,0.8265813952656416,2.787514149274308,High,20,4,2,High School,37.670387221980945,1
806,17,F,0.9691524092242414,2.8388845371991813,Low,38,1,0,Master,13.839715220836853,0
807,20,F,0.935602241131526,2.3922149379277755,Low,33,2,2,High School,44.204148013374414,0
808,23,F,0.8830323882676513,2.38447289684109,High,29,4,3,Bachelor,44.69919035892403,0
809,24,F,0.8942236716266494,3.5713889947652033,Medium,5,1,0,Master,10.625624445916507,0
810,17,M,0.8324924517379977,3.473232120799214,High,16,1,4,High School,31.07845130537849,0
811,18,F,0.6301434287830014,2.2694895792018643,Low,38,3,0,Master,5.298164444278251,0
812,18,M,0.9535975153529149,3.7844711096831483,High,24,1,0,PhD,20.18531788047983,0
813,16,M,0.8353661559529171,3.882037542506265,Low,4,2,1,Bachelor,35.95276474556234,1
814,23,M,0.78022031549022,2.3168563550751022,High,4,2,1,High School,33.3117390956459,0
815,21,M,0.5554947346067405,2.386062371982637,High,19,4,0,PhD,31.61033280092379,1
816,23,F,0.7235277719032127,2.764085383554897,Medium,15,4,2,Master,14.844502319459735,1
817,24,M,0.7301791356009631,3.8528020313341838,Low,36,1,1,PhD,19.5232225222857,0
818,20,M,0.932281804761335,3.6907985828557788,Medium,39,0,4,Master,6.044361090314023,0
819,18,F,0.7733241100938942,1.7564199064589745,Low,8,3,3,Bachelor,36.23211820124645,0
820,20,F,0.6902002744852048,2.4818268581785405,High,4,0,1,PhD,25.6905510427724,0
821,20,F,0.9884001642553297,2.8834279743744293,Low,1,1,0,Bachelor,35.72951598493707,0
822,20,M,0.5553602966631579,2.75783118137885,Medium,8,1,2,High School,13.198232715046766,0
823,18,F,0.7112742141559723,1.9846576698422318,Medium,35,0,3,Master,16.897473203118246,0
824,19,F,0.5210123375857026,3.6470419279203865,Medium,21,3,1,Master,17.37655152574562,1
825,24,M,0.8699520603834652,3.192351957492093,Low,21,0,2,Bachelor,2.261378077613594,0
826,24,F,0.9590382760995753,3.594770937129509,Medium,21,4,2,Bachelor,17.711345768700554,1
827,17,F,0.6400186647752447,3.6469106983736803,Medium,33,2,2,High School,40.36192410238364,0
828,23,F,0.9291708383995605,3.3708896341643495,Medium,28,4,0,PhD,44.96762629173719,1
829,23,F,0.6461091152309488,2.5980265031242933,High,37,2,4,Master,26.392697466160445,0
830,22,M,0.9553850808219576,3.026366887538561,High,32,1,2,Master,23.319583065741792,0
831,23,F,0.876980951798392,1.900913515299358,Low,17,3,3,High School,2.5104063162691426,1
832,18,F,0.9024533884207193,3.1841135436872694,Low,6,0,1,High School,44.08101254168375,0
833,21,M,0.5090032778002272,1.9481331393482018,Medium,0,3,3,Bachelor,1.6375004578677632,0
834,16,F,0.981405178537013,3.234873976275392,High,32,0,0,Bachelor,47.29275393030038,0
835,22,M,0.8633354960351616,2.073995401884922,Medium,0,4,0,PhD,24.971596185716443,0
836,16,F,0.6523755476930666,1.79387825037555,Medium,23,4,3,High School,17.754790185161603,0
837,24,M,0.9146973324294234,1.9132112253573936,High,3,0,4,PhD,46.286703307290345,0
838,16,M,0.640760599207465,1.5049803380476756,High,3,3,0,High School,2.19515866239474,0
839,16,M,0.936376919783064,3.2968490446338254,High,17,0,0,Master,29.489819848585267,0
840,22,M,0.5562901952059685,3.331002622645948,Low,26,1,3,High School,27.897693700467542,1
841,17,F,0.8518429887303979,2.787333374783149,Low,31,4,0,High School,11.746699659357722,0
842,20,M,0.7703492383224552,1.9034070026384593,Medium,32,1,4,Master,22.015484136160318,0
843,23,F,0.5482672350977205,1.7088858437767245,Low,27,4,4,High School,32.960936291244735,0
844,23,M,0.6209469141294195,1.5478224160932175,High,35,4,4,PhD,36.629428647214446,0
845,18,M,0.5062020181386574,1.9143704424130519,High,5,2,1,Bachelor,1.0351260766224093,0
846,22,M,0.7343839827322529,3.7271388374578667,Low,15,1,4,Bachelor,46.90581807445975,0
847,18,F,0.6506326303800002,2.1038421042542046,Medium,33,1,4,PhD,9.061743247247808,0
848,21,M,0.7991787421488794,2.3856783180430394,Medium,22,2,1,Master,12.4454412768956,0
849,21,F,0.6486189038543086,1.763363711203333,Low,23,3,2,High School,13.910198838998562,0
850,18,F,0.6499595557534923,2.0559032618704256,Medium,12,1,0,PhD,2.8531866910497303,1
851,22,F,0.8715965993658017,2.798061426950513,Medium,17,0,4,Bachelor,7.029554055925921,0
852,18,F,0.5240714179891768,3.0193817077391314,Medium,12,2,0,Bachelor,49.33114622426394,0
853,23,F,0.9514474975959937,2.1133807854155275,High,36,1,3,PhD,16.44562013148702,1
854,19,F,0.9261319371955907,1.644330398062793,High,38,3,0,Bachelor,6.649753426613418,0
855,16,F,0.8339023416132032,2.4775821728184964,Low,16,1,1,PhD,6.2425717975565425,1
856,19,F,0.7966107850536921,2.085508427315835,High,14,4,0,Bachelor,36.25353841582862,0
857,22,F,0.9461512490698261,2.048884808074505,Medium,17,0,0,PhD,42.8738645375994,1
858,19,M,0.5926650897643573,3.899657006783638,High,22,2,0,High School,13.590662675915024,0
859,21,M,0.5394845810954143,3.04075121481431,Low,29,4,2,High School,2.0245661044265137,0
860,24,M,0.619755084954769,2.8921961079302396,High,33,3,2,High School,11.931410903822435,0
861,16,M,0.8972891393500951,2.5394377588083046,Medium,3,4,3,High School,3.7692688490411093,0
862,20,M,0.5173351333632417,2.5723608335753605,Medium,2,4,1,Bachelor,6.066351894872034,1
863,22,F,0.7914034175417448,2.852262509595202,Low,6,3,0,Master,22.143897872534478,0
864,16,F,0.997718758095655,3.241074517590268,High,17,4,0,PhD,12.266000172219997,0
865,19,F,0.9278480469187698,3.255365240454574,High,6,2,0,Master,26.281348047745745,0
866,21,F,0.7607228445217947,1.929234769263624,High,39,1,0,Bachelor,13.421193909602328,0
867,17,F,0.5318204546433212,2.7502818801915674,Medium,5,4,2,Bachelor,47.08632775404443,0
868,20,F,0.9156867571928549,2.529895237585255,Low,21,2,3,Master,45.391254428386965,0
869,16,F,0.7994892540886053,3.6763174156734606,High,0,1,4,Master,28.773499145512837,0
870,21,M,0.5574664985297835,3.0785473030459407,Medium,3,1,1,Bachelor,18.36677560738192,0
871,21,M,0.5469286424116782,2.8312601660399546,Medium,28,4,0,Bachelor,19.676197219702043,1
872,19,M,0.9548134097182962,1.7884866054472934,Medium,20,2,3,PhD,21.18076187408035,0
873,23,M,0.8346001314690392,3.0140947233085287,High,25,4,4,High School,36.65138678461226,0
874,19,F,0.9146433996583778,1.7930097642005836,High,13,3,3,High School,23.130310780423056,1
875,23,F,0.9394894501411337,2.34301643891438,High,8,1,2,PhD,42.97976737878897,0
876,23,F,0.7858861760241611,1.8571049120358296,High,11,4,4,Master,47.260644510587866,0
877,20,M,0.7587231758775206,3.2301841175609223,High,5,1,3,Bachelor,17.46136151556776,0
878,19,F,0.7152137051604951,2.0156302845903813,High,19,2,2,Master,28.474029587408324,0
879,17,F,0.6584732938955596,2.479648432970065,High,23,0,3,High School,5.657770304795657,0
880,18,F,0.7172979804293559,3.7391869440469465,High,26,4,3,High School,10.822983340551591,0
881,18,M,0.8869398278650782,2.0107909584974255,High,37,4,4,Master,21.259822568797844,0
882,19,F,0.8009617155075658,2.7695126598969475,Medium,7,1,2,High School,11.103933079187163,0
883,19,M,0.946261644977423,2.548179152915055,High,0,2,0,Bachelor,43.95146404864716,0
884,20,M,0.7216900071895939,1.5453101026143243,Low,23,3,1,PhD,8.756026546895805,1
885,19,M,0.803544789359377,3.481895283932032,Medium,6,2,4,Master,23.327380256101506,0
886,23,M,0.8156537765459944,1.6726147657864994,High,18,4,2,Bachelor,30.679262782533907,0
887,21,F,0.7958485811531628,2.685637552442384,Low,21,3,3,Bachelor,34.90133149988138,0
888,21,M,0.8513168865427582,2.901695737347375,High,34,2,2,High School,19.77039911659883,1
889,23,M,0.6187167341874031,3.071066141536468,Low,29,0,1,Bachelor,43.5858543675117,0
890,22,F,0.7561818887728953,3.221579073269689,Low,28,1,1,Master,28.84763840281835,0
891,23,F,0.5521124014041738,2.1331809588067876,Low,21,2,0,Bachelor,22.53588124193004,1
892,17,M,0.6922556638224062,1.5249469416461234,Low,10,2,0,PhD,4.294791068549794,0
893,24,F,0.7438335343106321,3.3086091558872797,Medium,19,0,1,Bachelor,23.769783953813086,1
894,16,M,0.8261121297727363,2.8391414983689467,Medium,28,4,4,Bachelor,41.21605619997078,0
895,23,M,0.9752655262931018,3.590294258018122,Low,33,1,4,PhD,31.112509892844457,0
896,19,M,0.8003255332741779,3.553470907251736,High,0,2,3,Bachelor,41.775960232726796,1
897,19,M,0.8717969580882798,3.608315419469708,Low,30,3,0,Bachelor,25.206571859365976,0
898,20,F,0.7531330297476013,2.7127366499488503,Medium,29,2,3,High School,6.804623549629611,0
899,23,M,0.8170520156881657,2.3340709895921643,High,17,1,0,Master,1.6683524459581724,0
900,20,F,0.5354661080668868,3.478895506478425,Medium,16,2,1,High School,15.857757789210968,1
901,23,F,0.6271957904209235,2.6282352825731374,Medium,37,0,4,Master,35.20153310339183,0
902,16,F,0.6809265466025693,1.9586054910085862,High,13,2,4,PhD,39.722735293142996,0
903,24,F,0.7362466775032568,3.637435048903686,Low,22,2,1,PhD,15.49188889639614,0
904,21,M,0.5228243727511919,3.7063996919308684,Low,24,3,3,PhD,25.287042123279107,0
905,18,F,0.5700120487766589,2.665774390350425,Low,14,0,3,Master,21.63482631727,0
906,23,M,0.6384071538956528,1.6892493182744688,Low,21,0,2,Master,21.115616433219966,0
907,24,F,0.9857663454505253,2.469565224792328,High,2,2,0,Master,12.336086946807374,0
908,21,F,0.6656735035515253,3.5088441486565083,High,18,3,3,PhD,7.68218414644346,0
909,22,M,0.7410205290560412,3.7544350713655716,High,33,2,1,Master,10.637739353329442,0
910,16,M,0.5980488563691965,2.0086818562439896,Medium,34,2,3,Bachelor,3.711286971003959,0
911,20,M,0.8053900355378841,1.6674340300631787,High,0,1,4,High School,10.708406349355275,1
912,20,F,0.6403416077579871,3.6933761328320966,Low,20,1,0,PhD,1.4508439836435933,1
913,19,F,0.6034962892192134,2.4735123474471883,Medium,28,3,2,High School,31.735661631162934,0
914,21,M,0.7582863142229895,2.854402410668908,Low,5,4,0,Bachelor,16.502394961996462,0
915,22,M,0.5027528995802104,3.9201645301268973,Low,36,1,4,Master,48.68409085991852,0
916,24,M,0.5038320163246126,1.666411819785557,High,0,4,4,High School,10.492135488038596,0
917,16,M,0.6095344045509289,3.120795018630239,High,0,0,4,Bachelor,17.945599945170102,0
918,21,F,0.5183606812504106,1.6852635564371676,Low,26,1,4,Bachelor,18.534216773435126,0
919,22,M,0.5540128770653456,2.438672321166251,Low,20,1,1,High School,1.4141233070605663,0
920,18,M,0.6694303246693758,3.5095363629836167,Medium,15,3,2,PhD,42.12118969893349,1
921,23,M,0.9012928397899065,2.583680581889086,High,39,4,4,High School,2.567728547071911,0
922,20,M,0.7860243216846504,3.992955884757376,Medium,25,1,4,PhD,47.06881190173283,0
923,24,F,0.7563338629782081,2.8976482123665055,Medium,15,1,3,Master,44.711643203587414,0
924,20,M,0.6467444116040608,2.3029053815898837,Medium,27,3,2,PhD,27.240573888212214,1
925,24,F,0.9658768597164082,2.050278314761883,Low,0,3,0,Master,27.63618317065331,0
926,19,M,0.6985075206185958,2.3763013357154046,Medium,35,4,2,High School,33.03511822485166,0
927,24,M,0.5435463833978857,2.431333184398877,Medium,9,0,2,Master,19.96545058480946,0
928,20,F,0.8085332580589006,1.6717841943099025,Low,16,0,2,Bachelor,32.71389188649492,0
929,24,M,0.5569191967383007,2.423935498566933,High,22,2,4,Master,3.193651045735857,0
930,18,F,0.672611571400846,2.6605962993480623,High,6,1,4,PhD,3.648333740136602,0
931,19,F,0.7537059693589044,3.3068443805970116,Medium,6,4,1,PhD,23.404290561357673,0
932,24,M,0.9371112623425879,3.1418237118040198,Low,14,1,0,PhD,27.931492754195713,0
933,21,F,0.7467732901700593,3.2719141380728853,High,33,4,3,Master,44.50306437645513,0
934,17,F,0.8511293830158322,1.5209092046921429,Medium,3,4,2,PhD,6.1283710614869165,1
935,22,F,0.9964084194995352,2.0441684989513402,Medium,13,4,0,PhD,41.30974843250058,0
936,17,F,0.5657445599489908,3.1542107209996413,Low,13,1,0,Bachelor,11.29231952731141,0
937,17,F,0.6373657627597598,2.709973420449368,Medium,15,3,1,Master,20.310098776991563,0
938,16,F,0.6972880377988232,1.5132836891708648,High,6,1,3,Bachelor,16.51351930654323,0
939,18,F,0.7109140892694157,3.5112366060795557,Low,31,4,2,PhD,20.60760837040455,0
940,21,F,0.7055105376327728,3.4320239332258433,High,18,2,3,PhD,8.374279405556692,0
941,23,M,0.9538055012782775,2.8710479074839066,High,1,0,1,PhD,25.674933645774193,1
942,24,M,0.8570163222334282,1.6661583144406804,High,9,4,4,Master,40.280486901737,1
943,22,F,0.8039526070453519,3.4162876238314617,Medium,16,2,0,High School,22.635166508565952,0
944,19,M,0.654686358931391,2.9592839693284096,Medium,36,3,2,PhD,25.040065219011755,0
945,21,F,0.9118951921106473,3.454899942894898,High,11,4,4,PhD,42.5896116787844,0
946,20,F,0.9775302557424945,3.3793674809896013,High,5,2,1,PhD,35.596847617263506,0
947,23,M,0.9105991412751133,3.5075051798945927,Low,21,4,3,PhD,25.03226601746945,0
948,16,F,0.5007825525957365,2.795020166011562,Low,31,1,0,Master,13.627086761269805,0
949,16,F,0.8182006850917035,1.8508112954837874,Medium,19,2,2,High School,44.36141059540336,1
950,21,F,0.5255676907210504,3.1778936834492217,Medium,0,1,4,High School,29.27399968283736,0
951,17,F,0.6288036101668609,3.0511844626299265,Low,5,1,4,High School,11.836232895423976,1
952,20,M,0.5297623501738858,3.355632967997718,High,18,2,0,PhD,14.186867879262508,1
953,16,F,0.8018977264746938,1.9247025151268382,Medium,17,0,3,PhD,40.35352135787605,1
954,22,F,0.8432949567463034,1.987437999750723,High,5,2,1,High School,3.1631325422853176,0
955,16,F,0.5572438190329525,3.7260237930483213,Low,32,0,3,High School,49.61251716441218,0
956,19,M,0.6919194415224897,3.374944496130177,Medium,22,4,3,PhD,7.3872323060247975,0
957,24,F,0.728118254477771,3.7705712217508074,Medium,22,4,3,PhD,40.00735774444993,0
958,16,M,0.6845265108804583,3.396788302909802,Low,25,2,0,Bachelor,20.34399052181246,0
959,19,M,0.5605125002425966,2.992888264975755,Medium,12,4,0,Bachelor,25.118592981085875,1
960,21,F,0.7094738950937377,3.135331842569684,Low,6,3,1,Bachelor,44.15187829576431,0
961,21,F,0.875589023904209,3.7228198098500247,Medium,14,1,3,High School,21.23264828987145,1
962,23,M,0.5355038322666277,2.9470168862798514,Low,26,1,0,Master,27.33719392998849,1
963,16,F,0.5400900070409518,3.0809783108209685,Medium,25,0,1,PhD,3.415683458049327,0
964,22,M,0.6773856459179921,1.8911917900090014,High,32,4,1,Bachelor,1.1150262195052045,0
965,16,M,0.9708628558094625,2.684803050290257,High,14,0,3,Master,12.99519377708457,0
966,22,F,0.834286323361457,3.290992779895247,High,35,1,2,PhD,34.348571553019596,0
967,18,F,0.8393349783362825,2.1773567457909135,Medium,26,1,3,Master,6.941979774597699,1
968,23,M,0.6809599954189325,2.0056354513113375,Medium,4,4,2,High School,6.574335981422922,0
969,18,M,0.7968303956042693,2.284567020561039,High,1,3,1,High School,21.13706979375926,0
970,16,M,0.5050655920138717,2.1037515699820837,High,32,3,0,High School,32.7440148918031,0
971,23,M,0.8180480232047711,2.0372815925909897,Low,15,4,4,Bachelor,35.891527620148594,0
972,18,F,0.9566434737881184,2.5621271071702174,Low,22,4,1,PhD,9.744083030820365,0
973,17,F,0.8062867341724096,3.769596284708835,Low,37,0,0,High School,4.89981922123008,1
974,16,F,0.9368492967331725,2.767649116846796,High,15,4,1,Bachelor,47.07945466333167,0
975,18,F,0.861986527733047,1.9698009520383075,High,13,3,3,Bachelor,13.772652745542985,0
976,17,F,0.5602792082018451,1.6924291734521852,High,28,4,2,Bachelor,42.813978382827464,0
977,17,M,0.9512266536429208,3.240390362844813,Low,25,0,1,Bachelor,43.31108107267809,0
978,21,F,0.5332219221778874,2.4569969110909695,Medium,34,0,0,High School,38.853606996364675,0
979,16,F,0.7669837362738818,3.5545773664633984,High,14,0,3,Bachelor,9.272846725975933,1
980,17,F,0.5710685618967288,3.1487769216019252,Medium,2,0,4,High School,41.268271503455814,0
981,21,F,0.505853305365452,3.4906036263534213,Medium,22,2,3,High School,38.69327740283775,0
982,18,F,0.7110171300638195,2.179865098546122,Medium,28,4,2,Bachelor,30.239426515204638,0
983,19,M,0.6475203538270782,3.230897306152645,Low,33,1,3,High School,17.522899723278684,0
984,16,M,0.7430002468988015,2.160154961734297,Medium,32,4,4,PhD,13.862921609060662,0
985,23,M,0.7885999433672755,3.847671198625729,High,22,2,0,PhD,6.972571391937589,0
986,22,F,0.5218695361544736,3.090935703833436,Low,6,0,1,Master,25.9780962781427,0
987,22,M,0.5615016475618728,2.3112795004383555,High,2,2,2,PhD,29.67778289998248,1
988,18,M,0.7793211982252126,2.173779655730682,High,31,3,4,High School,18.607610535273572,0
989,18,F,0.6715836765863291,1.9773164626791089,Low,30,3,2,High School,24.29259431636256,0
990,17,F,0.864586743774724,3.2366023972343196,High,17,4,3,PhD,18.81220841109407,0
991,16,F,0.8261458242959698,2.0467890324948184,High,6,4,2,Bachelor,32.40929680871436,0
992,22,M,0.9228021814949534,2.9882581648187228,Low,0,1,4,Bachelor,45.1617011820316,1
993,22,M,0.8462464133346126,2.1615875673133935,High,13,1,1,High School,9.0320928403003,1
994,17,F,0.7149655386950741,3.1549223619846716,Medium,31,3,1,Bachelor,19.68903168525305,0
995,22,F,0.8364833111972162,3.537349321351348,High,5,0,2,Master,7.902561593592204,1
996,23,M,0.6376905871277092,3.4450631078616327,Medium,38,2,0,Master,31.622244749983768,1
997,16,M,0.6531567493891064,3.4021283273269542,High,9,1,2,PhD,36.71465496494119,1
998,24,F,0.8944925799603967,1.9693060142306302,Low,6,1,3,PhD,46.66372389727534,0
999,22,F,0.723209758200791,1.7209623674612968,Low,25,0,1,Bachelor,14.664724386787281,0
1000,18,M,0.8991901702591762,3.247372071218464,High,33,0,1,High School,47.56034908740608,0
